Google Cloud Platform,compute,/{project}/aggregated/addresses,GET,https://cloud.google.com/compute/docs/reference/latest/
Google Cloud Platform,compute,/{project}/regions/{region}/addresses/{address},DELETE,https://cloud.google.com/compute/docs/reference/latest/
Google Cloud Platform,compute,/{project}/regions/{region}/addresses/{address},GET,https://cloud.google.com/compute/docs/reference/latest/
Google Cloud Platform,compute,/{project}/regions/{region}/addresses,POST,https://cloud.google.com/compute/docs/reference/latest/
Google Cloud Platform,compute,/{project}/regions/{region}/addresses,GET,https://cloud.google.com/compute/docs/reference/latest/
Google Cloud Platform,compute,/{project}/aggregated/autoscalers,GET,https://cloud.google.com/compute/docs/reference/latest/
Google Cloud Platform,compute,/{project}/zones/{zone}/autoscalers/{autoscaler},DELETE,https://cloud.google.com/compute/docs/reference/latest/
Google Cloud Platform,compute,/{project}/zones/{zone}/autoscalers/{autoscaler},GET,https://cloud.google.com/compute/docs/reference/latest/
Google Cloud Platform,compute,/{project}/zones/{zone}/autoscalers,POST,https://cloud.google.com/compute/docs/reference/latest/
Google Cloud Platform,compute,/{project}/zones/{zone}/autoscalers,GET,https://cloud.google.com/compute/docs/reference/latest/
Google Cloud Platform,compute,/{project}/zones/{zone}/autoscalers,PATCH,https://cloud.google.com/compute/docs/reference/latest/
Google Cloud Platform,compute,/{project}/zones/{zone}/autoscalers,PUT,https://cloud.google.com/compute/docs/reference/latest/
Google Cloud Platform,compute,/{project}/global/backendServices/{backendService},DELETE,https://cloud.google.com/compute/docs/reference/latest/
Google Cloud Platform,compute,/{project}/global/backendServices/{backendService},GET,https://cloud.google.com/compute/docs/reference/latest/
Google Cloud Platform,compute,/{project}/global/backendServices/{backendService}/getHealth,POST,https://cloud.google.com/compute/docs/reference/latest/
Google Cloud Platform,compute,/{project}/global/backendServices,POST,https://cloud.google.com/compute/docs/reference/latest/
Google Cloud Platform,compute,/{project}/global/backendServices,GET,https://cloud.google.com/compute/docs/reference/latest/
Google Cloud Platform,compute,/{project}/global/backendServices/{backendService},PATCH,https://cloud.google.com/compute/docs/reference/latest/
Google Cloud Platform,compute,/{project}/global/backendServices/{backendService},PUT,https://cloud.google.com/compute/docs/reference/latest/
Google Cloud Platform,compute,/{project}/aggregated/diskTypes,GET,https://cloud.google.com/compute/docs/reference/latest/
Google Cloud Platform,compute,/{project}/zones/{zone}/diskTypes/{diskType},GET,https://cloud.google.com/compute/docs/reference/latest/
Google Cloud Platform,compute,/{project}/zones/{zone}/diskTypes,GET,https://cloud.google.com/compute/docs/reference/latest/
Google Cloud Platform,compute,/{project}/aggregated/disks,GET,https://cloud.google.com/compute/docs/reference/latest/
Google Cloud Platform,compute,/{project}/zones/{zone}/disks/{disk}/createSnapshot,POST,https://cloud.google.com/compute/docs/reference/latest/
Google Cloud Platform,compute,/{project}/zones/{zone}/disks/{disk},DELETE,https://cloud.google.com/compute/docs/reference/latest/
Google Cloud Platform,compute,/{project}/zones/{zone}/disks/{disk},GET,https://cloud.google.com/compute/docs/reference/latest/
Google Cloud Platform,compute,/{project}/zones/{zone}/disks,POST,https://cloud.google.com/compute/docs/reference/latest/
Google Cloud Platform,compute,/{project}/zones/{zone}/disks,GET,https://cloud.google.com/compute/docs/reference/latest/
Google Cloud Platform,compute,/{project}/zones/{zone}/disks/{disk}/resize,POST,https://cloud.google.com/compute/docs/reference/latest/
Google Cloud Platform,compute,/{project}/global/firewalls/{firewall},DELETE,https://cloud.google.com/compute/docs/reference/latest/
Google Cloud Platform,compute,/{project}/global/firewalls/{firewall},GET,https://cloud.google.com/compute/docs/reference/latest/
Google Cloud Platform,compute,/{project}/global/firewalls,POST,https://cloud.google.com/compute/docs/reference/latest/
Google Cloud Platform,compute,/{project}/global/firewalls,GET,https://cloud.google.com/compute/docs/reference/latest/
Google Cloud Platform,compute,/{project}/global/firewalls/{firewall},PATCH,https://cloud.google.com/compute/docs/reference/latest/
Google Cloud Platform,compute,/{project}/global/firewalls/{firewall},PUT,https://cloud.google.com/compute/docs/reference/latest/
Google Cloud Platform,compute,/{project}/aggregated/forwardingRules,GET,https://cloud.google.com/compute/docs/reference/latest/
Google Cloud Platform,compute,/{project}/regions/{region}/forwardingRules/{forwardingRule},DELETE,https://cloud.google.com/compute/docs/reference/latest/
Google Cloud Platform,compute,/{project}/regions/{region}/forwardingRules/{forwardingRule},GET,https://cloud.google.com/compute/docs/reference/latest/
Google Cloud Platform,compute,/{project}/regions/{region}/forwardingRules,POST,https://cloud.google.com/compute/docs/reference/latest/
Google Cloud Platform,compute,/{project}/regions/{region}/forwardingRules,GET,https://cloud.google.com/compute/docs/reference/latest/
Google Cloud Platform,compute,/{project}/regions/{region}/forwardingRules/{forwardingRule}/setTarget,POST,https://cloud.google.com/compute/docs/reference/latest/
Google Cloud Platform,compute,/{project}/global/addresses/{address},DELETE,https://cloud.google.com/compute/docs/reference/latest/
Google Cloud Platform,compute,/{project}/global/addresses/{address},GET,https://cloud.google.com/compute/docs/reference/latest/
Google Cloud Platform,compute,/{project}/global/addresses,POST,https://cloud.google.com/compute/docs/reference/latest/
Google Cloud Platform,compute,/{project}/global/addresses,GET,https://cloud.google.com/compute/docs/reference/latest/
Google Cloud Platform,compute,/{project}/global/forwardingRules/{forwardingRule},DELETE,https://cloud.google.com/compute/docs/reference/latest/
Google Cloud Platform,compute,/{project}/global/forwardingRules/{forwardingRule},GET,https://cloud.google.com/compute/docs/reference/latest/
Google Cloud Platform,compute,/{project}/global/forwardingRules,POST,https://cloud.google.com/compute/docs/reference/latest/
Google Cloud Platform,compute,/{project}/global/forwardingRules,GET,https://cloud.google.com/compute/docs/reference/latest/
Google Cloud Platform,compute,/{project}/global/forwardingRules/{forwardingRule}/setTarget,POST,https://cloud.google.com/compute/docs/reference/latest/
Google Cloud Platform,compute,/{project}/aggregated/operations,GET,https://cloud.google.com/compute/docs/reference/latest/
Google Cloud Platform,compute,/{project}/global/operations/{operation},DELETE,https://cloud.google.com/compute/docs/reference/latest/
Google Cloud Platform,compute,/{project}/global/operations/{operation},GET,https://cloud.google.com/compute/docs/reference/latest/
Google Cloud Platform,compute,/{project}/global/operations,GET,https://cloud.google.com/compute/docs/reference/latest/
Google Cloud Platform,compute,/{project}/global/httpHealthChecks/{httpHealthCheck},DELETE,https://cloud.google.com/compute/docs/reference/latest/
Google Cloud Platform,compute,/{project}/global/httpHealthChecks/{httpHealthCheck},GET,https://cloud.google.com/compute/docs/reference/latest/
Google Cloud Platform,compute,/{project}/global/httpHealthChecks,POST,https://cloud.google.com/compute/docs/reference/latest/
Google Cloud Platform,compute,/{project}/global/httpHealthChecks,GET,https://cloud.google.com/compute/docs/reference/latest/
Google Cloud Platform,compute,/{project}/global/httpHealthChecks/{httpHealthCheck},PATCH,https://cloud.google.com/compute/docs/reference/latest/
Google Cloud Platform,compute,/{project}/global/httpHealthChecks/{httpHealthCheck},PUT,https://cloud.google.com/compute/docs/reference/latest/
Google Cloud Platform,compute,/{project}/global/httpsHealthChecks/{httpsHealthCheck},DELETE,https://cloud.google.com/compute/docs/reference/latest/
Google Cloud Platform,compute,/{project}/global/httpsHealthChecks/{httpsHealthCheck},GET,https://cloud.google.com/compute/docs/reference/latest/
Google Cloud Platform,compute,/{project}/global/httpsHealthChecks,POST,https://cloud.google.com/compute/docs/reference/latest/
Google Cloud Platform,compute,/{project}/global/httpsHealthChecks,GET,https://cloud.google.com/compute/docs/reference/latest/
Google Cloud Platform,compute,/{project}/global/httpsHealthChecks/{httpsHealthCheck},PATCH,https://cloud.google.com/compute/docs/reference/latest/
Google Cloud Platform,compute,/{project}/global/httpsHealthChecks/{httpsHealthCheck},PUT,https://cloud.google.com/compute/docs/reference/latest/
Google Cloud Platform,compute,/{project}/global/images/{image},DELETE,https://cloud.google.com/compute/docs/reference/latest/
Google Cloud Platform,compute,/{project}/global/images/{image}/deprecate,POST,https://cloud.google.com/compute/docs/reference/latest/
Google Cloud Platform,compute,/{project}/global/images/{image},GET,https://cloud.google.com/compute/docs/reference/latest/
Google Cloud Platform,compute,/{project}/global/images/family/{family},GET,https://cloud.google.com/compute/docs/reference/latest/
Google Cloud Platform,compute,/{project}/global/images,POST,https://cloud.google.com/compute/docs/reference/latest/
Google Cloud Platform,compute,/{project}/global/images,GET,https://cloud.google.com/compute/docs/reference/latest/
Google Cloud Platform,compute,/{project}/zones/{zone}/instanceGroupManagers/{instanceGroupManager}/abandonInstances,POST,https://cloud.google.com/compute/docs/reference/latest/
Google Cloud Platform,compute,/{project}/aggregated/instanceGroupManagers,GET,https://cloud.google.com/compute/docs/reference/latest/
Google Cloud Platform,compute,/{project}/zones/{zone}/instanceGroupManagers/{instanceGroupManager},DELETE,https://cloud.google.com/compute/docs/reference/latest/
Google Cloud Platform,compute,/{project}/zones/{zone}/instanceGroupManagers/{instanceGroupManager}/deleteInstances,POST,https://cloud.google.com/compute/docs/reference/latest/
Google Cloud Platform,compute,/{project}/zones/{zone}/instanceGroupManagers/{instanceGroupManager},GET,https://cloud.google.com/compute/docs/reference/latest/
Google Cloud Platform,compute,/{project}/zones/{zone}/instanceGroupManagers,POST,https://cloud.google.com/compute/docs/reference/latest/
Google Cloud Platform,compute,/{project}/zones/{zone}/instanceGroupManagers,GET,https://cloud.google.com/compute/docs/reference/latest/
Google Cloud Platform,compute,/{project}/zones/{zone}/instanceGroupManagers/{instanceGroupManager}/listManagedInstances,POST,https://cloud.google.com/compute/docs/reference/latest/
Google Cloud Platform,compute,/{project}/zones/{zone}/instanceGroupManagers/{instanceGroupManager}/recreateInstances,POST,https://cloud.google.com/compute/docs/reference/latest/
Google Cloud Platform,compute,/{project}/zones/{zone}/instanceGroupManagers/{instanceGroupManager}/resize,POST,https://cloud.google.com/compute/docs/reference/latest/
Google Cloud Platform,compute,/{project}/zones/{zone}/instanceGroupManagers/{instanceGroupManager}/setInstanceTemplate,POST,https://cloud.google.com/compute/docs/reference/latest/
Google Cloud Platform,compute,/{project}/zones/{zone}/instanceGroupManagers/{instanceGroupManager}/setTargetPools,POST,https://cloud.google.com/compute/docs/reference/latest/
Google Cloud Platform,compute,/{project}/zones/{zone}/instanceGroups/{instanceGroup}/addInstances,POST,https://cloud.google.com/compute/docs/reference/latest/
Google Cloud Platform,compute,/{project}/aggregated/instanceGroups,GET,https://cloud.google.com/compute/docs/reference/latest/
Google Cloud Platform,compute,/{project}/zones/{zone}/instanceGroups/{instanceGroup},DELETE,https://cloud.google.com/compute/docs/reference/latest/
Google Cloud Platform,compute,/{project}/zones/{zone}/instanceGroups/{instanceGroup},GET,https://cloud.google.com/compute/docs/reference/latest/
Google Cloud Platform,compute,/{project}/zones/{zone}/instanceGroups,POST,https://cloud.google.com/compute/docs/reference/latest/
Google Cloud Platform,compute,/{project}/zones/{zone}/instanceGroups,GET,https://cloud.google.com/compute/docs/reference/latest/
Google Cloud Platform,compute,/{project}/zones/{zone}/instanceGroups/{instanceGroup}/listInstances,POST,https://cloud.google.com/compute/docs/reference/latest/
Google Cloud Platform,compute,/{project}/zones/{zone}/instanceGroups/{instanceGroup}/removeInstances,POST,https://cloud.google.com/compute/docs/reference/latest/
Google Cloud Platform,compute,/{project}/zones/{zone}/instanceGroups/{instanceGroup}/setNamedPorts,POST,https://cloud.google.com/compute/docs/reference/latest/
Google Cloud Platform,compute,/{project}/global/instanceTemplates/{instanceTemplate},DELETE,https://cloud.google.com/compute/docs/reference/latest/
Google Cloud Platform,compute,/{project}/global/instanceTemplates/{instanceTemplate},GET,https://cloud.google.com/compute/docs/reference/latest/
Google Cloud Platform,compute,/{project}/global/instanceTemplates,POST,https://cloud.google.com/compute/docs/reference/latest/
Google Cloud Platform,compute,/{project}/global/instanceTemplates,GET,https://cloud.google.com/compute/docs/reference/latest/
Google Cloud Platform,compute,/{project}/zones/{zone}/instances/{instance}/addAccessConfig,POST,https://cloud.google.com/compute/docs/reference/latest/
Google Cloud Platform,compute,/{project}/aggregated/instances,GET,https://cloud.google.com/compute/docs/reference/latest/
Google Cloud Platform,compute,/{project}/zones/{zone}/instances/{instance}/attachDisk,POST,https://cloud.google.com/compute/docs/reference/latest/
Google Cloud Platform,compute,/{project}/zones/{zone}/instances/{instance},DELETE,https://cloud.google.com/compute/docs/reference/latest/
Google Cloud Platform,compute,/{project}/zones/{zone}/instances/{instance}/deleteAccessConfig,POST,https://cloud.google.com/compute/docs/reference/latest/
Google Cloud Platform,compute,/{project}/zones/{zone}/instances/{instance}/detachDisk,POST,https://cloud.google.com/compute/docs/reference/latest/
Google Cloud Platform,compute,/{project}/zones/{zone}/instances/{instance},GET,https://cloud.google.com/compute/docs/reference/latest/
Google Cloud Platform,compute,/{project}/zones/{zone}/instances/{instance}/serialPort,GET,https://cloud.google.com/compute/docs/reference/latest/
Google Cloud Platform,compute,/{project}/zones/{zone}/instances,POST,https://cloud.google.com/compute/docs/reference/latest/
Google Cloud Platform,compute,/{project}/zones/{zone}/instances,GET,https://cloud.google.com/compute/docs/reference/latest/
Google Cloud Platform,compute,/{project}/zones/{zone}/instances/{instance}/reset,POST,https://cloud.google.com/compute/docs/reference/latest/
Google Cloud Platform,compute,/{project}/zones/{zone}/instances/{instance}/setDiskAutoDelete,POST,https://cloud.google.com/compute/docs/reference/latest/
Google Cloud Platform,compute,/{project}/zones/{zone}/instances/{instance}/setMachineType,POST,https://cloud.google.com/compute/docs/reference/latest/
Google Cloud Platform,compute,/{project}/zones/{zone}/instances/{instance}/setMetadata,POST,https://cloud.google.com/compute/docs/reference/latest/
Google Cloud Platform,compute,/{project}/zones/{zone}/instances/{instance}/setScheduling,POST,https://cloud.google.com/compute/docs/reference/latest/
Google Cloud Platform,compute,/{project}/zones/{zone}/instances/{instance}/setTags,POST,https://cloud.google.com/compute/docs/reference/latest/
Google Cloud Platform,compute,/{project}/zones/{zone}/instances/{instance}/start,POST,https://cloud.google.com/compute/docs/reference/latest/
Google Cloud Platform,compute,/{project}/zones/{zone}/instances/{instance}/stop,POST,https://cloud.google.com/compute/docs/reference/latest/
Google Cloud Platform,compute,/{project}/global/licenses/{license},GET,https://cloud.google.com/compute/docs/reference/latest/
Google Cloud Platform,compute,/{project}/aggregated/machineTypes,GET,https://cloud.google.com/compute/docs/reference/latest/
Google Cloud Platform,compute,/{project}/zones/{zone}/machineTypes/{machineType},GET,https://cloud.google.com/compute/docs/reference/latest/
Google Cloud Platform,compute,/{project}/zones/{zone}/machineTypes,GET,https://cloud.google.com/compute/docs/reference/latest/
Google Cloud Platform,compute,/{project}/global/networks/{network},DELETE,https://cloud.google.com/compute/docs/reference/latest/
Google Cloud Platform,compute,/{project}/global/networks/{network},GET,https://cloud.google.com/compute/docs/reference/latest/
Google Cloud Platform,compute,/{project}/global/networks,POST,https://cloud.google.com/compute/docs/reference/latest/
Google Cloud Platform,compute,/{project}/global/networks,GET,https://cloud.google.com/compute/docs/reference/latest/
Google Cloud Platform,compute,/{project},GET,https://cloud.google.com/compute/docs/reference/latest/
Google Cloud Platform,compute,/{project}/moveDisk,POST,https://cloud.google.com/compute/docs/reference/latest/
Google Cloud Platform,compute,/{project}/moveInstance,POST,https://cloud.google.com/compute/docs/reference/latest/
Google Cloud Platform,compute,/{project}/setCommonInstanceMetadata,POST,https://cloud.google.com/compute/docs/reference/latest/
Google Cloud Platform,compute,/{project}/setUsageExportBucket,POST,https://cloud.google.com/compute/docs/reference/latest/
Google Cloud Platform,compute,/{project}/regions/{region}/operations/{operation},DELETE,https://cloud.google.com/compute/docs/reference/latest/
Google Cloud Platform,compute,/{project}/regions/{region}/operations/{operation},GET,https://cloud.google.com/compute/docs/reference/latest/
Google Cloud Platform,compute,/{project}/regions/{region}/operations,GET,https://cloud.google.com/compute/docs/reference/latest/
Google Cloud Platform,compute,/{project}/regions/{region},GET,https://cloud.google.com/compute/docs/reference/latest/
Google Cloud Platform,compute,/{project}/regions,GET,https://cloud.google.com/compute/docs/reference/latest/
Google Cloud Platform,compute,/{project}/global/routes/{route},DELETE,https://cloud.google.com/compute/docs/reference/latest/
Google Cloud Platform,compute,/{project}/global/routes/{route},GET,https://cloud.google.com/compute/docs/reference/latest/
Google Cloud Platform,compute,/{project}/global/routes,POST,https://cloud.google.com/compute/docs/reference/latest/
Google Cloud Platform,compute,/{project}/global/routes,GET,https://cloud.google.com/compute/docs/reference/latest/
Google Cloud Platform,compute,/{project}/global/snapshots/{snapshot},DELETE,https://cloud.google.com/compute/docs/reference/latest/
Google Cloud Platform,compute,/{project}/global/snapshots/{snapshot},GET,https://cloud.google.com/compute/docs/reference/latest/
Google Cloud Platform,compute,/{project}/global/snapshots,GET,https://cloud.google.com/compute/docs/reference/latest/
Google Cloud Platform,compute,/{project}/global/sslCertificates/{sslCertificate},DELETE,https://cloud.google.com/compute/docs/reference/latest/
Google Cloud Platform,compute,/{project}/global/sslCertificates/{sslCertificate},GET,https://cloud.google.com/compute/docs/reference/latest/
Google Cloud Platform,compute,/{project}/global/sslCertificates,POST,https://cloud.google.com/compute/docs/reference/latest/
Google Cloud Platform,compute,/{project}/global/sslCertificates,GET,https://cloud.google.com/compute/docs/reference/latest/
Google Cloud Platform,compute,/{project}/aggregated/subnetworks,GET,https://cloud.google.com/compute/docs/reference/latest/
Google Cloud Platform,compute,/{project}/regions/{region}/subnetworks/{subnetwork},DELETE,https://cloud.google.com/compute/docs/reference/latest/
Google Cloud Platform,compute,/{project}/regions/{region}/subnetworks/{subnetwork},GET,https://cloud.google.com/compute/docs/reference/latest/
Google Cloud Platform,compute,/{project}/regions/{region}/subnetworks,POST,https://cloud.google.com/compute/docs/reference/latest/
Google Cloud Platform,compute,/{project}/regions/{region}/subnetworks,GET,https://cloud.google.com/compute/docs/reference/latest/
Google Cloud Platform,compute,/{project}/global/targetHttpProxies/{targetHttpProxy},DELETE,https://cloud.google.com/compute/docs/reference/latest/
Google Cloud Platform,compute,/{project}/global/targetHttpProxies/{targetHttpProxy},GET,https://cloud.google.com/compute/docs/reference/latest/
Google Cloud Platform,compute,/{project}/global/targetHttpProxies,POST,https://cloud.google.com/compute/docs/reference/latest/
Google Cloud Platform,compute,/{project}/global/targetHttpProxies,GET,https://cloud.google.com/compute/docs/reference/latest/
Google Cloud Platform,compute,/{project}/targetHttpProxies/{targetHttpProxy}/setUrlMap,POST,https://cloud.google.com/compute/docs/reference/latest/
Google Cloud Platform,compute,/{project}/global/targetHttpsProxies/{targetHttpsProxy},DELETE,https://cloud.google.com/compute/docs/reference/latest/
Google Cloud Platform,compute,/{project}/global/targetHttpsProxies/{targetHttpsProxy},GET,https://cloud.google.com/compute/docs/reference/latest/
Google Cloud Platform,compute,/{project}/global/targetHttpsProxies,POST,https://cloud.google.com/compute/docs/reference/latest/
Google Cloud Platform,compute,/{project}/global/targetHttpsProxies,GET,https://cloud.google.com/compute/docs/reference/latest/
Google Cloud Platform,compute,/{project}/targetHttpsProxies/{targetHttpsProxy}/setSslCertificates,POST,https://cloud.google.com/compute/docs/reference/latest/
Google Cloud Platform,compute,/{project}/targetHttpsProxies/{targetHttpsProxy}/setUrlMap,POST,https://cloud.google.com/compute/docs/reference/latest/
Google Cloud Platform,compute,/{project}/aggregated/targetInstances,GET,https://cloud.google.com/compute/docs/reference/latest/
Google Cloud Platform,compute,/{project}/zones/{zone}/targetInstances/{targetInstance},DELETE,https://cloud.google.com/compute/docs/reference/latest/
Google Cloud Platform,compute,/{project}/zones/{zone}/targetInstances/{targetInstance},GET,https://cloud.google.com/compute/docs/reference/latest/
Google Cloud Platform,compute,/{project}/zones/{zone}/targetInstances,POST,https://cloud.google.com/compute/docs/reference/latest/
Google Cloud Platform,compute,/{project}/zones/{zone}/targetInstances,GET,https://cloud.google.com/compute/docs/reference/latest/
Google Cloud Platform,compute,/{project}/regions/{region}/targetPools/{targetPool}/addHealthCheck,POST,https://cloud.google.com/compute/docs/reference/latest/
Google Cloud Platform,compute,/{project}/regions/{region}/targetPools/{targetPool}/addInstance,POST,https://cloud.google.com/compute/docs/reference/latest/
Google Cloud Platform,compute,/{project}/aggregated/targetPools,GET,https://cloud.google.com/compute/docs/reference/latest/
Google Cloud Platform,compute,/{project}/regions/{region}/targetPools/{targetPool},DELETE,https://cloud.google.com/compute/docs/reference/latest/
Google Cloud Platform,compute,/{project}/regions/{region}/targetPools/{targetPool},GET,https://cloud.google.com/compute/docs/reference/latest/
Google Cloud Platform,compute,/{project}/regions/{region}/targetPools/{targetPool}/getHealth,POST,https://cloud.google.com/compute/docs/reference/latest/
Google Cloud Platform,compute,/{project}/regions/{region}/targetPools,POST,https://cloud.google.com/compute/docs/reference/latest/
Google Cloud Platform,compute,/{project}/regions/{region}/targetPools,GET,https://cloud.google.com/compute/docs/reference/latest/
Google Cloud Platform,compute,/{project}/regions/{region}/targetPools/{targetPool}/removeHealthCheck,POST,https://cloud.google.com/compute/docs/reference/latest/
Google Cloud Platform,compute,/{project}/regions/{region}/targetPools/{targetPool}/removeInstance,POST,https://cloud.google.com/compute/docs/reference/latest/
Google Cloud Platform,compute,/{project}/regions/{region}/targetPools/{targetPool}/setBackup,POST,https://cloud.google.com/compute/docs/reference/latest/
Google Cloud Platform,compute,/{project}/aggregated/targetVpnGateways,GET,https://cloud.google.com/compute/docs/reference/latest/
Google Cloud Platform,compute,/{project}/regions/{region}/targetVpnGateways/{targetVpnGateway},DELETE,https://cloud.google.com/compute/docs/reference/latest/
Google Cloud Platform,compute,/{project}/regions/{region}/targetVpnGateways/{targetVpnGateway},GET,https://cloud.google.com/compute/docs/reference/latest/
Google Cloud Platform,compute,/{project}/regions/{region}/targetVpnGateways,POST,https://cloud.google.com/compute/docs/reference/latest/
Google Cloud Platform,compute,/{project}/regions/{region}/targetVpnGateways,GET,https://cloud.google.com/compute/docs/reference/latest/
Google Cloud Platform,compute,/{project}/global/urlMaps/{urlMap},DELETE,https://cloud.google.com/compute/docs/reference/latest/
Google Cloud Platform,compute,/{project}/global/urlMaps/{urlMap},GET,https://cloud.google.com/compute/docs/reference/latest/
Google Cloud Platform,compute,/{project}/global/urlMaps,POST,https://cloud.google.com/compute/docs/reference/latest/
Google Cloud Platform,compute,/{project}/global/urlMaps,GET,https://cloud.google.com/compute/docs/reference/latest/
Google Cloud Platform,compute,/{project}/global/urlMaps/{urlMap},PATCH,https://cloud.google.com/compute/docs/reference/latest/
Google Cloud Platform,compute,/{project}/global/urlMaps/{urlMap},PUT,https://cloud.google.com/compute/docs/reference/latest/
Google Cloud Platform,compute,/{project}/global/urlMaps/{urlMap}/validate,POST,https://cloud.google.com/compute/docs/reference/latest/
Google Cloud Platform,compute,/{project}/aggregated/vpnTunnels,GET,https://cloud.google.com/compute/docs/reference/latest/
Google Cloud Platform,compute,/{project}/regions/{region}/vpnTunnels/{vpnTunnel},DELETE,https://cloud.google.com/compute/docs/reference/latest/
Google Cloud Platform,compute,/{project}/regions/{region}/vpnTunnels/{vpnTunnel},GET,https://cloud.google.com/compute/docs/reference/latest/
Google Cloud Platform,compute,/{project}/regions/{region}/vpnTunnels,POST,https://cloud.google.com/compute/docs/reference/latest/
Google Cloud Platform,compute,/{project}/regions/{region}/vpnTunnels,GET,https://cloud.google.com/compute/docs/reference/latest/
Google Cloud Platform,compute,/{project}/zones/{zone}/operations/{operation},DELETE,https://cloud.google.com/compute/docs/reference/latest/
Google Cloud Platform,compute,/{project}/zones/{zone}/operations/{operation},GET,https://cloud.google.com/compute/docs/reference/latest/
Google Cloud Platform,compute,/{project}/zones/{zone}/operations,GET,https://cloud.google.com/compute/docs/reference/latest/
Google Cloud Platform,compute,/{project}/zones/{zone},GET,https://cloud.google.com/compute/docs/reference/latest/
Google Cloud Platform,compute,/{project}/zones,GET,https://cloud.google.com/compute/docs/reference/latest/
Google Cloud Platform,dns,/{project}/managedZones/{managedZone}/changes,POST,https://cloud.google.com/dns/api/v1/
Google Cloud Platform,dns,/{project}/managedZones/{managedZone}/changes/{changeId},GET,https://cloud.google.com/dns/api/v1/
Google Cloud Platform,dns,/{project}/managedZones/{managedZone}/changes,GET,https://cloud.google.com/dns/api/v1/
Google Cloud Platform,dns,/{project}/managedZones,POST,https://cloud.google.com/dns/api/v1/
Google Cloud Platform,dns,/{project}/managedZones/{managedZone},DELETE,https://cloud.google.com/dns/api/v1/
Google Cloud Platform,dns,/{project}/managedZones/{managedZone},GET,https://cloud.google.com/dns/api/v1/
Google Cloud Platform,dns,/{project}/managedZones,GET,https://cloud.google.com/dns/api/v1/
Google Cloud Platform,dns,/{project},GET,https://cloud.google.com/dns/api/v1/
Google Cloud Platform,dns,/{project}/managedZones/{managedZone}/rrsets,GET,https://cloud.google.com/dns/api/v1/
Google Cloud Platform,container-engine,/v1/projects/{projectId}/zones/{zone}/serverconfig,GET,https://cloud.google.com/container-engine/reference/rest
Google Cloud Platform,container-engine,/v1/projects/{projectId}/zones/{zone}/clusters,POST,https://cloud.google.com/container-engine/reference/rest
Google Cloud Platform,container-engine,/v1/projects/{projectId}/zones/{zone}/clusters/{clusterId},DELETE,https://cloud.google.com/container-engine/reference/rest
Google Cloud Platform,container-engine,/v1/projects/{projectId}/zones/{zone}/clusters/{clusterId},GET,https://cloud.google.com/container-engine/reference/rest
Google Cloud Platform,container-engine,/v1/projects/{projectId}/zones/{zone}/clusters,GET,https://cloud.google.com/container-engine/reference/rest
Google Cloud Platform,container-engine,/v1/projects/{projectId}/zones/{zone}/clusters/{clusterId},PUT,https://cloud.google.com/container-engine/reference/rest
Google Cloud Platform,container-engine,/v1/projects/{projectId}/zones/{zone}/clusters/{clusterId}/nodePools,POST,https://cloud.google.com/container-engine/reference/rest
Google Cloud Platform,container-engine,/v1/projects/{projectId}/zones/{zone}/clusters/{clusterId}/nodePools/{nodePoolId},DELETE,https://cloud.google.com/container-engine/reference/rest
Google Cloud Platform,container-engine,/v1/projects/{projectId}/zones/{zone}/clusters/{clusterId}/nodePools/{nodePoolId},GET,https://cloud.google.com/container-engine/reference/rest
Google Cloud Platform,container-engine,/v1/projects/{projectId}/zones/{zone}/clusters/{clusterId}/nodePools,GET,https://cloud.google.com/container-engine/reference/rest
Google Cloud Platform,container-engine,/v1/projects/{projectId}/zones/{zone}/operations/{operationId},GET,https://cloud.google.com/container-engine/reference/rest
Google Cloud Platform,container-engine,/v1/projects/{projectId}/zones/{zone}/operations,GET,https://cloud.google.com/container-engine/reference/rest
Google Cloud Platform,storage,/b/{bucket}/acl/{entity},DELETE,https://cloud.google.com/storage/docs/json_api/v1/
Google Cloud Platform,storage,/b/{bucket}/acl/{entity},GET,https://cloud.google.com/storage/docs/json_api/v1/
Google Cloud Platform,storage,/b/{bucket}/acl,POST,https://cloud.google.com/storage/docs/json_api/v1/
Google Cloud Platform,storage,/b/{bucket}/acl,GET,https://cloud.google.com/storage/docs/json_api/v1/
Google Cloud Platform,storage,/b/{bucket}/acl/{entity},PATCH,https://cloud.google.com/storage/docs/json_api/v1/
Google Cloud Platform,storage,/b/{bucket}/acl/{entity},PUT,https://cloud.google.com/storage/docs/json_api/v1/
Google Cloud Platform,storage,/b/{bucket},DELETE,https://cloud.google.com/storage/docs/json_api/v1/
Google Cloud Platform,storage,/b/{bucket},GET,https://cloud.google.com/storage/docs/json_api/v1/
Google Cloud Platform,storage,/b,POST,https://cloud.google.com/storage/docs/json_api/v1/
Google Cloud Platform,storage,/b,GET,https://cloud.google.com/storage/docs/json_api/v1/
Google Cloud Platform,storage,/b/{bucket},PATCH,https://cloud.google.com/storage/docs/json_api/v1/
Google Cloud Platform,storage,/b/{bucket},PUT,https://cloud.google.com/storage/docs/json_api/v1/
Google Cloud Platform,storage,/b/{bucket}/o/{object}/acl/{entity},DELETE,https://cloud.google.com/storage/docs/json_api/v1/
Google Cloud Platform,storage,/b/{bucket}/o/{object}/acl/{entity},GET,https://cloud.google.com/storage/docs/json_api/v1/
Google Cloud Platform,storage,/b/{bucket}/o/{object}/acl,POST,https://cloud.google.com/storage/docs/json_api/v1/
Google Cloud Platform,storage,/b/{bucket}/o/{object}/acl,GET,https://cloud.google.com/storage/docs/json_api/v1/
Google Cloud Platform,storage,/b/{bucket}/o/{object}/acl/{entity},PATCH,https://cloud.google.com/storage/docs/json_api/v1/
Google Cloud Platform,storage,/b/{bucket}/o/{object}/acl/{entity},PUT,https://cloud.google.com/storage/docs/json_api/v1/
Google Cloud Platform,storage,/b/{destinationBucket}/o/{destinationObject}/compose,POST,https://cloud.google.com/storage/docs/json_api/v1/
Google Cloud Platform,storage,/b/{sourceBucket}/o/{sourceObject}/copyTo/b/{destinationBucket}/o/{destinationObject},POST,https://cloud.google.com/storage/docs/json_api/v1/
Google Cloud Platform,storage,/b/{bucket}/o/{object},DELETE,https://cloud.google.com/storage/docs/json_api/v1/
Google Cloud Platform,storage,/b/{bucket}/o/{object},GET,https://cloud.google.com/storage/docs/json_api/v1/
Google Cloud Platform,storage,/https://www.googleapis.com/upload/storage/v1/b/{bucket}/o,POST,https://cloud.google.com/storage/docs/json_api/v1/
Google Cloud Platform,storage,/b/{bucket}/o,POST,https://cloud.google.com/storage/docs/json_api/v1/
Google Cloud Platform,storage,/b/{bucket}/o,GET,https://cloud.google.com/storage/docs/json_api/v1/
Google Cloud Platform,storage,/b/{bucket}/o/{object},PATCH,https://cloud.google.com/storage/docs/json_api/v1/
Google Cloud Platform,storage,/b/{sourceBucket}/o/{sourceObject}/rewriteTo/b/{destinationBucket}/o/{destinationObject},POST,https://cloud.google.com/storage/docs/json_api/v1/
Google Cloud Platform,storage,/b/{bucket}/o/{object},PUT,https://cloud.google.com/storage/docs/json_api/v1/
Google Cloud Platform,storage,/b/{bucket}/o/watch,POST,https://cloud.google.com/storage/docs/json_api/v1/
Google Cloud Platform,storage,/b/{bucket}/defaultObjectAcl/{entity},DELETE,https://cloud.google.com/storage/docs/json_api/v1/
Google Cloud Platform,storage,/b/{bucket}/defaultObjectAcl/{entity},GET,https://cloud.google.com/storage/docs/json_api/v1/
Google Cloud Platform,storage,/b/{bucket}/defaultObjectAcl,POST,https://cloud.google.com/storage/docs/json_api/v1/
Google Cloud Platform,storage,/b/{bucket}/defaultObjectAcl,GET,https://cloud.google.com/storage/docs/json_api/v1/
Google Cloud Platform,storage,/b/{bucket}/defaultObjectAcl/{entity},PATCH,https://cloud.google.com/storage/docs/json_api/v1/
Google Cloud Platform,storage,/b/{bucket}/defaultObjectAcl/{entity},PUT,https://cloud.google.com/storage/docs/json_api/v1/
Google Cloud Platform,storage,/channels/stop,POST,https://cloud.google.com/storage/docs/json_api/v1/
Google Cloud Platform,transfer,/v1/googleServiceAccounts/{projectId},GET,https://cloud.google.com/storage/transfer/reference/rest/
Google Cloud Platform,transfer,/v1/transferJobs,POST,https://cloud.google.com/storage/transfer/reference/rest/
Google Cloud Platform,transfer,/v1/{jobName=transferJobs/**},GET,https://cloud.google.com/storage/transfer/reference/rest/
Google Cloud Platform,transfer,/v1/transferJobs,GET,https://cloud.google.com/storage/transfer/reference/rest/
Google Cloud Platform,transfer,/v1/{jobName=transferJobs/**},PATCH,https://cloud.google.com/storage/transfer/reference/rest/
Google Cloud Platform,transfer,/v1/{name=transferOperations/**}:cancel,POST,https://cloud.google.com/storage/transfer/reference/rest/
Google Cloud Platform,transfer,/v1/{name=transferOperations/**},DELETE,https://cloud.google.com/storage/transfer/reference/rest/
Google Cloud Platform,transfer,/v1/{name=transferOperations/**},GET,https://cloud.google.com/storage/transfer/reference/rest/
Google Cloud Platform,transfer,/v1/{name},GET,https://cloud.google.com/storage/transfer/reference/rest/
Google Cloud Platform,transfer,/v1/{name=transferOperations/**}:pause,POST,https://cloud.google.com/storage/transfer/reference/rest/
Google Cloud Platform,transfer,/v1/{name=transferOperations/**}:resume,POST,https://cloud.google.com/storage/transfer/reference/rest/
Google Cloud Platform,instance-groups,/{project}/zones/{zone}/rollingUpdates/{rollingUpdate}/cancel,POST,https://cloud.google.com/compute/docs/instance-groups/updater/v1beta1/
Google Cloud Platform,instance-groups,/{project}/zones/{zone}/rollingUpdates/{rollingUpdate},GET,https://cloud.google.com/compute/docs/instance-groups/updater/v1beta1/
Google Cloud Platform,instance-groups,/{project}/zones/{zone}/rollingUpdates,POST,https://cloud.google.com/compute/docs/instance-groups/updater/v1beta1/
Google Cloud Platform,instance-groups,/{project}/zones/{zone}/rollingUpdates,GET,https://cloud.google.com/compute/docs/instance-groups/updater/v1beta1/
Google Cloud Platform,instance-groups,/{project}/zones/{zone}/rollingUpdates/{rollingUpdate}/instanceUpdates,GET,https://cloud.google.com/compute/docs/instance-groups/updater/v1beta1/
Google Cloud Platform,instance-groups,/{project}/zones/{zone}/rollingUpdates/{rollingUpdate}/pause,POST,https://cloud.google.com/compute/docs/instance-groups/updater/v1beta1/
Google Cloud Platform,instance-groups,/{project}/zones/{zone}/rollingUpdates/{rollingUpdate}/resume,POST,https://cloud.google.com/compute/docs/instance-groups/updater/v1beta1/
Google Cloud Platform,instance-groups,/{project}/zones/{zone}/rollingUpdates/{rollingUpdate}/rollback,POST,https://cloud.google.com/compute/docs/instance-groups/updater/v1beta1/
Google Cloud Platform,instance-groups,/{project}/zones/{zone}/operations/{operation},GET,https://cloud.google.com/compute/docs/instance-groups/updater/v1beta1/
Google Cloud Platform,access,/{project}/global/operations/{operation},DELETE,https://cloud.google.com/compute/docs/access/user-accounts/api/latest/
Google Cloud Platform,access,/{project}/global/operations/{operation},GET,https://cloud.google.com/compute/docs/access/user-accounts/api/latest/
Google Cloud Platform,access,/{project}/global/operations,GET,https://cloud.google.com/compute/docs/access/user-accounts/api/latest/
Google Cloud Platform,access,/{project}/global/groups/{groupName}/addMember,POST,https://cloud.google.com/compute/docs/access/user-accounts/api/latest/
Google Cloud Platform,access,/{project}/global/groups/{groupName},DELETE,https://cloud.google.com/compute/docs/access/user-accounts/api/latest/
Google Cloud Platform,access,/{project}/global/groups/{groupName},GET,https://cloud.google.com/compute/docs/access/user-accounts/api/latest/
Google Cloud Platform,access,/{project}/global/groups,POST,https://cloud.google.com/compute/docs/access/user-accounts/api/latest/
Google Cloud Platform,access,/{project}/global/groups,GET,https://cloud.google.com/compute/docs/access/user-accounts/api/latest/
Google Cloud Platform,access,/{project}/global/groups/{groupName}/removeMember,POST,https://cloud.google.com/compute/docs/access/user-accounts/api/latest/
Google Cloud Platform,access,/{project}/zones/{zone}/authorizedKeysView/{user},POST,https://cloud.google.com/compute/docs/access/user-accounts/api/latest/
Google Cloud Platform,access,/{project}/zones/{zone}/linuxAccountViews,POST,https://cloud.google.com/compute/docs/access/user-accounts/api/latest/
Google Cloud Platform,access,/{project}/global/users/{user}/addPublicKey,POST,https://cloud.google.com/compute/docs/access/user-accounts/api/latest/
Google Cloud Platform,access,/{project}/global/users/{user},DELETE,https://cloud.google.com/compute/docs/access/user-accounts/api/latest/
Google Cloud Platform,access,/{project}/global/users/{user},GET,https://cloud.google.com/compute/docs/access/user-accounts/api/latest/
Google Cloud Platform,access,/{project}/global/users,POST,https://cloud.google.com/compute/docs/access/user-accounts/api/latest/
Google Cloud Platform,access,/{project}/global/users,GET,https://cloud.google.com/compute/docs/access/user-accounts/api/latest/
Google Cloud Platform,access,/{project}/global/users/{user}/removePublicKey,POST,https://cloud.google.com/compute/docs/access/user-accounts/api/latest/
Google Cloud Platform,sql,/projects/{project}/instances/{instance}/backupRuns/{id},DELETE,https://cloud.google.com/sql/docs/admin-api/v1beta4/
Google Cloud Platform,sql,/projects/{project}/instances/{instance}/backupRuns/{id},GET,https://cloud.google.com/sql/docs/admin-api/v1beta4/
Google Cloud Platform,sql,/projects/{project}/instances/{instance}/backupRuns,GET,https://cloud.google.com/sql/docs/admin-api/v1beta4/
Google Cloud Platform,sql,/projects/{project}/instances/{instance}/databases/{database},DELETE,https://cloud.google.com/sql/docs/admin-api/v1beta4/
Google Cloud Platform,sql,/projects/{project}/instances/{instance}/databases/{database},GET,https://cloud.google.com/sql/docs/admin-api/v1beta4/
Google Cloud Platform,sql,/projects/{project}/instances/{instance}/databases,POST,https://cloud.google.com/sql/docs/admin-api/v1beta4/
Google Cloud Platform,sql,/projects/{project}/instances/{instance}/databases,GET,https://cloud.google.com/sql/docs/admin-api/v1beta4/
Google Cloud Platform,sql,/projects/{project}/instances/{instance}/databases/{database},PATCH,https://cloud.google.com/sql/docs/admin-api/v1beta4/
Google Cloud Platform,sql,/projects/{project}/instances/{instance}/databases/{database},PUT,https://cloud.google.com/sql/docs/admin-api/v1beta4/
Google Cloud Platform,sql,/flags,GET,https://cloud.google.com/sql/docs/admin-api/v1beta4/
Google Cloud Platform,sql,/projects/{project}/instances/{instance}/clone,POST,https://cloud.google.com/sql/docs/admin-api/v1beta4/
Google Cloud Platform,sql,/projects/{project}/instances/{instance},DELETE,https://cloud.google.com/sql/docs/admin-api/v1beta4/
Google Cloud Platform,sql,/projects/{project}/instances/{instance}/export,POST,https://cloud.google.com/sql/docs/admin-api/v1beta4/
Google Cloud Platform,sql,/projects/{project}/instances/{instance}/failover,POST,https://cloud.google.com/sql/docs/admin-api/v1beta4/
Google Cloud Platform,sql,/projects/{project}/instances/{instance},GET,https://cloud.google.com/sql/docs/admin-api/v1beta4/
Google Cloud Platform,sql,/projects/{project}/instances/{instance}/import,POST,https://cloud.google.com/sql/docs/admin-api/v1beta4/
Google Cloud Platform,sql,/projects/{project}/instances,POST,https://cloud.google.com/sql/docs/admin-api/v1beta4/
Google Cloud Platform,sql,/projects/{project}/instances,GET,https://cloud.google.com/sql/docs/admin-api/v1beta4/
Google Cloud Platform,sql,/projects/{project}/instances/{instance},PATCH,https://cloud.google.com/sql/docs/admin-api/v1beta4/
Google Cloud Platform,sql,/projects/{project}/instances/{instance}/promoteReplica,POST,https://cloud.google.com/sql/docs/admin-api/v1beta4/
Google Cloud Platform,sql,/projects/{project}/instances/{instance}/resetSslConfig,POST,https://cloud.google.com/sql/docs/admin-api/v1beta4/
Google Cloud Platform,sql,/projects/{project}/instances/{instance}/restart,POST,https://cloud.google.com/sql/docs/admin-api/v1beta4/
Google Cloud Platform,sql,/projects/{project}/instances/{instance}/restoreBackup,POST,https://cloud.google.com/sql/docs/admin-api/v1beta4/
Google Cloud Platform,sql,/projects/{project}/instances/{instance}/startReplica,POST,https://cloud.google.com/sql/docs/admin-api/v1beta4/
Google Cloud Platform,sql,/projects/{project}/instances/{instance}/stopReplica,POST,https://cloud.google.com/sql/docs/admin-api/v1beta4/
Google Cloud Platform,sql,/projects/{project}/instances/{instance},PUT,https://cloud.google.com/sql/docs/admin-api/v1beta4/
Google Cloud Platform,sql,/projects/{project}/operations/{operation},GET,https://cloud.google.com/sql/docs/admin-api/v1beta4/
Google Cloud Platform,sql,/projects/{project}/operations,GET,https://cloud.google.com/sql/docs/admin-api/v1beta4/
Google Cloud Platform,sql,/projects/{project}/instances/{instance}/createEphemeral,POST,https://cloud.google.com/sql/docs/admin-api/v1beta4/
Google Cloud Platform,sql,/projects/{project}/instances/{instance}/sslCerts/{sha1Fingerprint},DELETE,https://cloud.google.com/sql/docs/admin-api/v1beta4/
Google Cloud Platform,sql,/projects/{project}/instances/{instance}/sslCerts/{sha1Fingerprint},GET,https://cloud.google.com/sql/docs/admin-api/v1beta4/
Google Cloud Platform,sql,/projects/{project}/instances/{instance}/sslCerts,POST,https://cloud.google.com/sql/docs/admin-api/v1beta4/
Google Cloud Platform,sql,/projects/{project}/instances/{instance}/sslCerts,GET,https://cloud.google.com/sql/docs/admin-api/v1beta4/
Google Cloud Platform,sql,/projects/{project}/tiers,GET,https://cloud.google.com/sql/docs/admin-api/v1beta4/
Google Cloud Platform,sql,/projects/{project}/instances/{instance}/users,DELETE,https://cloud.google.com/sql/docs/admin-api/v1beta4/
Google Cloud Platform,sql,/projects/{project}/instances/{instance}/users,POST,https://cloud.google.com/sql/docs/admin-api/v1beta4/
Google Cloud Platform,sql,/projects/{project}/instances/{instance}/users,GET,https://cloud.google.com/sql/docs/admin-api/v1beta4/
Google Cloud Platform,sql,/projects/{project}/instances/{instance}/users,PUT,https://cloud.google.com/sql/docs/admin-api/v1beta4/
Google Cloud Platform,datastore,/v1beta3/projects/{projectId}:allocateIds,POST,https://cloud.google.com/datastore/reference/rest/
Google Cloud Platform,datastore,/v1beta3/projects/{projectId}:beginTransaction,POST,https://cloud.google.com/datastore/reference/rest/
Google Cloud Platform,datastore,/v1beta3/projects/{projectId}:commit,POST,https://cloud.google.com/datastore/reference/rest/
Google Cloud Platform,datastore,/v1beta3/projects/{projectId}:lookup,POST,https://cloud.google.com/datastore/reference/rest/
Google Cloud Platform,datastore,/v1beta3/projects/{projectId}:rollback,POST,https://cloud.google.com/datastore/reference/rest/
Google Cloud Platform,datastore,/v1beta3/projects/{projectId}:runQuery,POST,https://cloud.google.com/datastore/reference/rest/
Google Cloud Platform,bigquery,/projects/{projectId}/datasets/{datasetId},DELETE,https://cloud.google.com/bigquery/docs/reference/v2/
Google Cloud Platform,bigquery,/projects/{projectId}/datasets/{datasetId},GET,https://cloud.google.com/bigquery/docs/reference/v2/
Google Cloud Platform,bigquery,/projects/{projectId}/datasets,POST,https://cloud.google.com/bigquery/docs/reference/v2/
Google Cloud Platform,bigquery,/projects/{projectId}/datasets,GET,https://cloud.google.com/bigquery/docs/reference/v2/
Google Cloud Platform,bigquery,/projects/{projectId}/datasets/{datasetId},PATCH,https://cloud.google.com/bigquery/docs/reference/v2/
Google Cloud Platform,bigquery,/projects/{projectId}/datasets/{datasetId},PUT,https://cloud.google.com/bigquery/docs/reference/v2/
Google Cloud Platform,bigquery,/project/{projectId}/jobs/{jobId}/cancel,POST,https://cloud.google.com/bigquery/docs/reference/v2/
Google Cloud Platform,bigquery,/projects/{projectId}/jobs/{jobId},GET,https://cloud.google.com/bigquery/docs/reference/v2/
Google Cloud Platform,bigquery,/projects/{projectId}/queries/{jobId},GET,https://cloud.google.com/bigquery/docs/reference/v2/
Google Cloud Platform,bigquery,/https://www.googleapis.com/upload/bigquery/v2/projects/{projectId}/jobs,POST,https://cloud.google.com/bigquery/docs/reference/v2/
Google Cloud Platform,bigquery,/projects/{projectId}/jobs,POST,https://cloud.google.com/bigquery/docs/reference/v2/
Google Cloud Platform,bigquery,/projects/{projectId}/jobs,GET,https://cloud.google.com/bigquery/docs/reference/v2/
Google Cloud Platform,bigquery,/projects/{projectId}/queries,POST,https://cloud.google.com/bigquery/docs/reference/v2/
Google Cloud Platform,bigquery,/projects,GET,https://cloud.google.com/bigquery/docs/reference/v2/
Google Cloud Platform,bigquery,/projects/{projectId}/datasets/{datasetId}/tables/{tableId}/insertAll,POST,https://cloud.google.com/bigquery/docs/reference/v2/
Google Cloud Platform,bigquery,/projects/{projectId}/datasets/{datasetId}/tables/{tableId}/data,GET,https://cloud.google.com/bigquery/docs/reference/v2/
Google Cloud Platform,bigquery,/projects/{projectId}/datasets/{datasetId}/tables/{tableId},DELETE,https://cloud.google.com/bigquery/docs/reference/v2/
Google Cloud Platform,bigquery,/projects/{projectId}/datasets/{datasetId}/tables/{tableId},GET,https://cloud.google.com/bigquery/docs/reference/v2/
Google Cloud Platform,bigquery,/projects/{projectId}/datasets/{datasetId}/tables,POST,https://cloud.google.com/bigquery/docs/reference/v2/
Google Cloud Platform,bigquery,/projects/{projectId}/datasets/{datasetId}/tables,GET,https://cloud.google.com/bigquery/docs/reference/v2/
Google Cloud Platform,bigquery,/projects/{projectId}/datasets/{datasetId}/tables/{tableId},PATCH,https://cloud.google.com/bigquery/docs/reference/v2/
Google Cloud Platform,bigquery,/projects/{projectId}/datasets/{datasetId}/tables/{tableId},PUT,https://cloud.google.com/bigquery/docs/reference/v2/
Google Cloud Platform,dataproc,/v1/projects/{projectId}/regions/{region}/clusters,POST,https://cloud.google.com/dataproc/reference/rest/
Google Cloud Platform,dataproc,/v1/projects/{projectId}/regions/{region}/clusters/{clusterName},DELETE,https://cloud.google.com/dataproc/reference/rest/
Google Cloud Platform,dataproc,/v1/projects/{projectId}/regions/{region}/clusters/{clusterName}:diagnose,POST,https://cloud.google.com/dataproc/reference/rest/
Google Cloud Platform,dataproc,/v1/projects/{projectId}/regions/{region}/clusters/{clusterName},GET,https://cloud.google.com/dataproc/reference/rest/
Google Cloud Platform,dataproc,/v1/projects/{projectId}/regions/{region}/clusters,GET,https://cloud.google.com/dataproc/reference/rest/
Google Cloud Platform,dataproc,/v1/projects/{projectId}/regions/{region}/clusters/{clusterName},PATCH,https://cloud.google.com/dataproc/reference/rest/
Google Cloud Platform,dataproc,/v1/projects/{projectId}/regions/{region}/jobs/{jobId}:cancel,POST,https://cloud.google.com/dataproc/reference/rest/
Google Cloud Platform,dataproc,/v1/projects/{projectId}/regions/{region}/jobs/{jobId},DELETE,https://cloud.google.com/dataproc/reference/rest/
Google Cloud Platform,dataproc,/v1/projects/{projectId}/regions/{region}/jobs/{jobId},GET,https://cloud.google.com/dataproc/reference/rest/
Google Cloud Platform,dataproc,/v1/projects/{projectId}/regions/{region}/jobs,GET,https://cloud.google.com/dataproc/reference/rest/
Google Cloud Platform,dataproc,/v1/projects/{projectId}/regions/{region}/jobs:submit,POST,https://cloud.google.com/dataproc/reference/rest/
Google Cloud Platform,dataproc,/v1/{name=projects/*/regions/*/operations/*}:cancel,POST,https://cloud.google.com/dataproc/reference/rest/
Google Cloud Platform,dataproc,/v1/{name=projects/*/regions/*/operations/*},DELETE,https://cloud.google.com/dataproc/reference/rest/
Google Cloud Platform,dataproc,/v1/{name=projects/*/regions/*/operations/*},GET,https://cloud.google.com/dataproc/reference/rest/
Google Cloud Platform,dataproc,/v1/{name=projects/*/regions/*/operations},GET,https://cloud.google.com/dataproc/reference/rest/
Google Cloud Platform,pubsub,/v1/{subscription=projects/*/subscriptions/*}:acknowledge,POST,https://cloud.google.com/pubsub/reference/rest/
Google Cloud Platform,pubsub,/v1/{name=projects/*/subscriptions/*},PUT,https://cloud.google.com/pubsub/reference/rest/
Google Cloud Platform,pubsub,/v1/{subscription=projects/*/subscriptions/*},DELETE,https://cloud.google.com/pubsub/reference/rest/
Google Cloud Platform,pubsub,/v1/{subscription=projects/*/subscriptions/*},GET,https://cloud.google.com/pubsub/reference/rest/
Google Cloud Platform,pubsub,/v1/{resource=projects/*/subscriptions/*}:getIamPolicy,GET,https://cloud.google.com/pubsub/reference/rest/
Google Cloud Platform,pubsub,/v1/{project=projects/*}/subscriptions,GET,https://cloud.google.com/pubsub/reference/rest/
Google Cloud Platform,pubsub,/v1/{subscription=projects/*/subscriptions/*}:modifyAckDeadline,POST,https://cloud.google.com/pubsub/reference/rest/
Google Cloud Platform,pubsub,/v1/{subscription=projects/*/subscriptions/*}:modifyPushConfig,POST,https://cloud.google.com/pubsub/reference/rest/
Google Cloud Platform,pubsub,/v1/{subscription=projects/*/subscriptions/*}:pull,POST,https://cloud.google.com/pubsub/reference/rest/
Google Cloud Platform,pubsub,/v1/{resource=projects/*/subscriptions/*}:setIamPolicy,POST,https://cloud.google.com/pubsub/reference/rest/
Google Cloud Platform,pubsub,/v1/{resource=projects/*/subscriptions/*}:testIamPermissions,POST,https://cloud.google.com/pubsub/reference/rest/
Google Cloud Platform,pubsub,/v1/{name=projects/*/topics/*},PUT,https://cloud.google.com/pubsub/reference/rest/
Google Cloud Platform,pubsub,/v1/{topic=projects/*/topics/*},DELETE,https://cloud.google.com/pubsub/reference/rest/
Google Cloud Platform,pubsub,/v1/{topic=projects/*/topics/*},GET,https://cloud.google.com/pubsub/reference/rest/
Google Cloud Platform,pubsub,/v1/{resource=projects/*/topics/*}:getIamPolicy,GET,https://cloud.google.com/pubsub/reference/rest/
Google Cloud Platform,pubsub,/v1/{project=projects/*}/topics,GET,https://cloud.google.com/pubsub/reference/rest/
Google Cloud Platform,pubsub,/v1/{topic=projects/*/topics/*}:publish,POST,https://cloud.google.com/pubsub/reference/rest/
Google Cloud Platform,pubsub,/v1/{resource=projects/*/topics/*}:setIamPolicy,POST,https://cloud.google.com/pubsub/reference/rest/
Google Cloud Platform,pubsub,/v1/{resource=projects/*/topics/*}:testIamPermissions,POST,https://cloud.google.com/pubsub/reference/rest/
Google Cloud Platform,pubsub,/v1/{topic=projects/*/topics/*}/subscriptions,GET,https://cloud.google.com/pubsub/reference/rest/
Google Cloud Platform,prediction,/{project}/hostedmodels/{hostedModelName}/predict,POST,https://cloud.google.com/prediction/docs/reference/v1.6/
Google Cloud Platform,prediction,/{project}/trainedmodels/{id}/analyze,GET,https://cloud.google.com/prediction/docs/reference/v1.6/
Google Cloud Platform,prediction,/{project}/trainedmodels/{id},DELETE,https://cloud.google.com/prediction/docs/reference/v1.6/
Google Cloud Platform,prediction,/{project}/trainedmodels/{id},GET,https://cloud.google.com/prediction/docs/reference/v1.6/
Google Cloud Platform,prediction,/{project}/trainedmodels,POST,https://cloud.google.com/prediction/docs/reference/v1.6/
Google Cloud Platform,prediction,/{project}/trainedmodels/list,GET,https://cloud.google.com/prediction/docs/reference/v1.6/
Google Cloud Platform,prediction,/{project}/trainedmodels/{id}/predict,POST,https://cloud.google.com/prediction/docs/reference/v1.6/
Google Cloud Platform,prediction,/{project}/trainedmodels/{id},PUT,https://cloud.google.com/prediction/docs/reference/v1.6/
Google Cloud Platform,logging,/v2beta1/entries:list,POST,https://cloud.google.com/logging/docs/api/ref_v2beta1/rest/
Google Cloud Platform,logging,/v2beta1/entries:write,POST,https://cloud.google.com/logging/docs/api/ref_v2beta1/rest/
Google Cloud Platform,logging,/v2beta1/monitoredResourceDescriptors,GET,https://cloud.google.com/logging/docs/api/ref_v2beta1/rest/
Google Cloud Platform,logging,/v2beta1/{logName=projects/*/logs/*},DELETE,https://cloud.google.com/logging/docs/api/ref_v2beta1/rest/
Google Cloud Platform,logging,/v2beta1/{parent=projects/*}/metrics,POST,https://cloud.google.com/logging/docs/api/ref_v2beta1/rest/
Google Cloud Platform,logging,/v2beta1/{metricName=projects/*/metrics/*},DELETE,https://cloud.google.com/logging/docs/api/ref_v2beta1/rest/
Google Cloud Platform,logging,/v2beta1/{metricName=projects/*/metrics/*},GET,https://cloud.google.com/logging/docs/api/ref_v2beta1/rest/
Google Cloud Platform,logging,/v2beta1/{parent=projects/*}/metrics,GET,https://cloud.google.com/logging/docs/api/ref_v2beta1/rest/
Google Cloud Platform,logging,/v2beta1/{metricName=projects/*/metrics/*},PUT,https://cloud.google.com/logging/docs/api/ref_v2beta1/rest/
Google Cloud Platform,logging,/v2beta1/{parent=projects/*}/sinks,POST,https://cloud.google.com/logging/docs/api/ref_v2beta1/rest/
Google Cloud Platform,logging,/v2beta1/{sinkName=projects/*/sinks/*},DELETE,https://cloud.google.com/logging/docs/api/ref_v2beta1/rest/
Google Cloud Platform,logging,/v2beta1/{sinkName=projects/*/sinks/*},GET,https://cloud.google.com/logging/docs/api/ref_v2beta1/rest/
Google Cloud Platform,logging,/v2beta1/{parent=projects/*}/sinks,GET,https://cloud.google.com/logging/docs/api/ref_v2beta1/rest/
Google Cloud Platform,logging,/v2beta1/{sinkName=projects/*/sinks/*},PUT,https://cloud.google.com/logging/docs/api/ref_v2beta1/rest/
Google Cloud Platform,monitoring,/v3/{name=projects/*}/collectdTimeSeries,POST,https://cloud.google.com/monitoring/api/ref_v3/rest/
Google Cloud Platform,monitoring,/v3/{name=projects/*}/groups,POST,https://cloud.google.com/monitoring/api/ref_v3/rest/
Google Cloud Platform,monitoring,/v3/{name=projects/*/groups/*},DELETE,https://cloud.google.com/monitoring/api/ref_v3/rest/
Google Cloud Platform,monitoring,/v3/{name=projects/*/groups/*},GET,https://cloud.google.com/monitoring/api/ref_v3/rest/
Google Cloud Platform,monitoring,/v3/{name=projects/*}/groups,GET,https://cloud.google.com/monitoring/api/ref_v3/rest/
Google Cloud Platform,monitoring,/v3/{group.name=projects/*/groups/*},PUT,https://cloud.google.com/monitoring/api/ref_v3/rest/
Google Cloud Platform,monitoring,/v3/{name=projects/*/groups/*}/members,GET,https://cloud.google.com/monitoring/api/ref_v3/rest/
Google Cloud Platform,monitoring,/v3/{name=projects/*}/metricDescriptors,POST,https://cloud.google.com/monitoring/api/ref_v3/rest/
Google Cloud Platform,monitoring,/v3/{name=projects/*/metricDescriptors/**},DELETE,https://cloud.google.com/monitoring/api/ref_v3/rest/
Google Cloud Platform,monitoring,/v3/{name=projects/*/metricDescriptors/**},GET,https://cloud.google.com/monitoring/api/ref_v3/rest/
Google Cloud Platform,monitoring,/v3/{name=projects/*}/metricDescriptors,GET,https://cloud.google.com/monitoring/api/ref_v3/rest/
Google Cloud Platform,monitoring,/v3/{name=projects/*/monitoredResourceDescriptors/*},GET,https://cloud.google.com/monitoring/api/ref_v3/rest/
Google Cloud Platform,monitoring,/v3/{name=projects/*}/monitoredResourceDescriptors,GET,https://cloud.google.com/monitoring/api/ref_v3/rest/
Google Cloud Platform,monitoring,/v3/{name=projects/*}/timeSeries,POST,https://cloud.google.com/monitoring/api/ref_v3/rest/
Google Cloud Platform,monitoring,/v3/{name=projects/*}/timeSeries,GET,https://cloud.google.com/monitoring/api/ref_v3/rest/
Google Cloud Platform,error-reporting,/v1beta1/{projectName=projects/*}/events,DELETE,https://cloud.google.com/error-reporting/reference/rest/
Google Cloud Platform,error-reporting,/v1beta1/{projectName=projects/*}/events,GET,https://cloud.google.com/error-reporting/reference/rest/
Google Cloud Platform,error-reporting,/v1beta1/{projectName=projects/*}/groupStats,GET,https://cloud.google.com/error-reporting/reference/rest/
Google Cloud Platform,error-reporting,/v1beta1/{groupName=projects/*/groups/*},GET,https://cloud.google.com/error-reporting/reference/rest/
Google Cloud Platform,error-reporting,/v1beta1/{group.name=projects/*/groups/*},PUT,https://cloud.google.com/error-reporting/reference/rest/
Google Cloud Platform,trace,/v1/projects/{projectId}/traces,PATCH,https://cloud.google.com/trace/api/reference/rest/
Google Cloud Platform,trace,/v1/projects/{projectId}/traces/{traceId},GET,https://cloud.google.com/trace/api/reference/rest/
Google Cloud Platform,trace,/v1/projects/{projectId}/traces,GET,https://cloud.google.com/trace/api/reference/rest/
Google Cloud Platform,debugger,/v2/controller/debuggees/register,POST,https://cloud.google.com/debugger/api/reference/rest/
Google Cloud Platform,debugger,/v2/controller/debuggees/{debuggeeId}/breakpoints,GET,https://cloud.google.com/debugger/api/reference/rest/
Google Cloud Platform,debugger,/v2/controller/debuggees/{debuggeeId}/breakpoints/{breakpoint.id},PUT,https://cloud.google.com/debugger/api/reference/rest/
Google Cloud Platform,debugger,/v2/debugger/debuggees,GET,https://cloud.google.com/debugger/api/reference/rest/
Google Cloud Platform,debugger,/v2/debugger/debuggees/{debuggeeId}/breakpoints/{breakpointId},DELETE,https://cloud.google.com/debugger/api/reference/rest/
Google Cloud Platform,debugger,/v2/debugger/debuggees/{debuggeeId}/breakpoints/{breakpointId},GET,https://cloud.google.com/debugger/api/reference/rest/
Google Cloud Platform,debugger,/v2/debugger/debuggees/{debuggeeId}/breakpoints,GET,https://cloud.google.com/debugger/api/reference/rest/
Google Cloud Platform,debugger,/v2/debugger/debuggees/{debuggeeId}/breakpoints/set,POST,https://cloud.google.com/debugger/api/reference/rest/
Google Cloud Platform,iam,/v1/iamPolicies:getPolicyDetails,POST,https://cloud.google.com/iam/reference/rest/
Google Cloud Platform,iam,/v1/{name=projects/*}/serviceAccounts,POST,https://cloud.google.com/iam/reference/rest/
Google Cloud Platform,iam,/v1/{name=projects/*/serviceAccounts/*},DELETE,https://cloud.google.com/iam/reference/rest/
Google Cloud Platform,iam,/v1/{name=projects/*/serviceAccounts/*},GET,https://cloud.google.com/iam/reference/rest/
Google Cloud Platform,iam,/v1/{resource=projects/*/serviceAccounts/*}:getIamPolicy,POST,https://cloud.google.com/iam/reference/rest/
Google Cloud Platform,iam,/v1/{name=projects/*}/serviceAccounts,GET,https://cloud.google.com/iam/reference/rest/
Google Cloud Platform,iam,/v1/{resource=projects/*/serviceAccounts/*}:setIamPolicy,POST,https://cloud.google.com/iam/reference/rest/
Google Cloud Platform,iam,/v1/{name=projects/*/serviceAccounts/*}:signBlob,POST,https://cloud.google.com/iam/reference/rest/
Google Cloud Platform,iam,/v1/{resource=projects/*/serviceAccounts/*}:testIamPermissions,POST,https://cloud.google.com/iam/reference/rest/
Google Cloud Platform,iam,/v1/{name=projects/*/serviceAccounts/*},PUT,https://cloud.google.com/iam/reference/rest/
Google Cloud Platform,iam,/v1/{name=projects/*/serviceAccounts/*}/keys,POST,https://cloud.google.com/iam/reference/rest/
Google Cloud Platform,iam,/v1/{name=projects/*/serviceAccounts/*/keys/*},DELETE,https://cloud.google.com/iam/reference/rest/
Google Cloud Platform,iam,/v1/{name=projects/*/serviceAccounts/*/keys/*},GET,https://cloud.google.com/iam/reference/rest/
Google Cloud Platform,iam,/v1/{name=projects/*/serviceAccounts/*}/keys,GET,https://cloud.google.com/iam/reference/rest/
Google Cloud Platform,iam,/v1/roles:queryGrantableRoles,POST,https://cloud.google.com/iam/reference/rest/
Google Cloud Platform,deployment-manager,/{project}/global/deployments/{deployment}/cancelPreview,POST,https://cloud.google.com/deployment-manager/latest/
Google Cloud Platform,deployment-manager,/{project}/global/deployments/{deployment},DELETE,https://cloud.google.com/deployment-manager/latest/
Google Cloud Platform,deployment-manager,/{project}/global/deployments/{deployment},GET,https://cloud.google.com/deployment-manager/latest/
Google Cloud Platform,deployment-manager,/{project}/global/deployments,POST,https://cloud.google.com/deployment-manager/latest/
Google Cloud Platform,deployment-manager,/{project}/global/deployments,GET,https://cloud.google.com/deployment-manager/latest/
Google Cloud Platform,deployment-manager,/{project}/global/deployments/{deployment},PATCH,https://cloud.google.com/deployment-manager/latest/
Google Cloud Platform,deployment-manager,/{project}/global/deployments/{deployment}/stop,POST,https://cloud.google.com/deployment-manager/latest/
Google Cloud Platform,deployment-manager,/{project}/global/deployments/{deployment},PUT,https://cloud.google.com/deployment-manager/latest/
Google Cloud Platform,deployment-manager,/{project}/global/deployments/{deployment}/manifests/{manifest},GET,https://cloud.google.com/deployment-manager/latest/
Google Cloud Platform,deployment-manager,/{project}/global/deployments/{deployment}/manifests,GET,https://cloud.google.com/deployment-manager/latest/
Google Cloud Platform,deployment-manager,/{project}/global/operations/{operation},GET,https://cloud.google.com/deployment-manager/latest/
Google Cloud Platform,deployment-manager,/{project}/global/operations,GET,https://cloud.google.com/deployment-manager/latest/
Google Cloud Platform,deployment-manager,/{project}/global/deployments/{deployment}/resources/{resource},GET,https://cloud.google.com/deployment-manager/latest/
Google Cloud Platform,deployment-manager,/{project}/global/deployments/{deployment}/resources,GET,https://cloud.google.com/deployment-manager/latest/
Google Cloud Platform,deployment-manager,/{project}/global/types,GET,https://cloud.google.com/deployment-manager/latest/
Google Cloud Platform,container-builder,/v1/{name=operations/**},GET,https://cloud.google.com/container-builder/docs/api/reference/rest/
Google Cloud Platform,container-builder,/v1/{name},GET,https://cloud.google.com/container-builder/docs/api/reference/rest/
Google Cloud Platform,container-builder,/v1/projects/{projectId}/builds/{id}:cancel,POST,https://cloud.google.com/container-builder/docs/api/reference/rest/
Google Cloud Platform,container-builder,/v1/projects/{projectId}/builds,POST,https://cloud.google.com/container-builder/docs/api/reference/rest/
Google Cloud Platform,container-builder,/v1/projects/{projectId}/builds/{id},GET,https://cloud.google.com/container-builder/docs/api/reference/rest/
Google Cloud Platform,container-builder,/v1/projects/{projectId}/builds,GET,https://cloud.google.com/container-builder/docs/api/reference/rest/
Google Cloud Platform,resource-manager,/v1beta1/organizations/{organizationId},GET,https://cloud.google.com/resource-manager/reference/rest/
Google Cloud Platform,resource-manager,/v1beta1/organizations/{resource}:getIamPolicy,POST,https://cloud.google.com/resource-manager/reference/rest/
Google Cloud Platform,resource-manager,/v1beta1/organizations,GET,https://cloud.google.com/resource-manager/reference/rest/
Google Cloud Platform,resource-manager,/v1beta1/organizations/{resource}:setIamPolicy,POST,https://cloud.google.com/resource-manager/reference/rest/
Google Cloud Platform,resource-manager,/v1beta1/organizations/{resource}:testIamPermissions,POST,https://cloud.google.com/resource-manager/reference/rest/
Google Cloud Platform,resource-manager,/v1beta1/organizations/{organizationId},PUT,https://cloud.google.com/resource-manager/reference/rest/
Google Cloud Platform,resource-manager,/v1beta1/projects,POST,https://cloud.google.com/resource-manager/reference/rest/
Google Cloud Platform,resource-manager,/v1beta1/projects/{projectId},DELETE,https://cloud.google.com/resource-manager/reference/rest/
Google Cloud Platform,resource-manager,/v1beta1/projects/{projectId},GET,https://cloud.google.com/resource-manager/reference/rest/
Google Cloud Platform,resource-manager,/v1beta1/projects/{resource}:getIamPolicy,POST,https://cloud.google.com/resource-manager/reference/rest/
Google Cloud Platform,resource-manager,/v1beta1/projects,GET,https://cloud.google.com/resource-manager/reference/rest/
Google Cloud Platform,resource-manager,/v1beta1/projects/{resource}:setIamPolicy,POST,https://cloud.google.com/resource-manager/reference/rest/
Google Cloud Platform,resource-manager,/v1beta1/projects/{resource}:testIamPermissions,POST,https://cloud.google.com/resource-manager/reference/rest/
Google Cloud Platform,resource-manager,/v1beta1/projects/{projectId}:undelete,POST,https://cloud.google.com/resource-manager/reference/rest/
Google Cloud Platform,resource-manager,/v1beta1/projects/{projectId},PUT,https://cloud.google.com/resource-manager/reference/rest/
Google Cloud Platform,resource-manager,/v1/projects/{projectId},DELETE,https://cloud.google.com/resource-manager/reference/rest/
Google Cloud Platform,resource-manager,/v1/projects/{projectId},GET,https://cloud.google.com/resource-manager/reference/rest/
Google Cloud Platform,resource-manager,/v1/projects/{resource}:getIamPolicy,POST,https://cloud.google.com/resource-manager/reference/rest/
Google Cloud Platform,resource-manager,/v1/projects,GET,https://cloud.google.com/resource-manager/reference/rest/
Google Cloud Platform,resource-manager,/v1/projects/{resource}:setIamPolicy,POST,https://cloud.google.com/resource-manager/reference/rest/
Google Cloud Platform,resource-manager,/v1/projects/{resource}:testIamPermissions,POST,https://cloud.google.com/resource-manager/reference/rest/
Google Cloud Platform,resource-manager,/v1/projects/{projectId}:undelete,POST,https://cloud.google.com/resource-manager/reference/rest/
Google Cloud Platform,resource-manager,/v1/projects/{projectId},PUT,https://cloud.google.com/resource-manager/reference/rest/
