OpenStack,dbaas,/v1.0/{accountId}/instances/{instanceId}/databases/{databaseName},DELETE,http://rackerlabs.github.io/wadl2swagger/openstack/swagger/dbaas.json
OpenStack,dbaas,/v1.0/{accountId}/instances/{instanceId}/users/{name},DELETE,http://rackerlabs.github.io/wadl2swagger/openstack/swagger/dbaas.json
OpenStack,dbaas,/v1.0/{accountId}/instances/{instanceId},DELETE,http://rackerlabs.github.io/wadl2swagger/openstack/swagger/dbaas.json
OpenStack,dbaas,/v1.0/{accountId}/instances/{instanceId},GET,http://rackerlabs.github.io/wadl2swagger/openstack/swagger/dbaas.json
OpenStack,dbaas,/v1.0/{accountId}/flavors,GET,http://rackerlabs.github.io/wadl2swagger/openstack/swagger/dbaas.json
OpenStack,dbaas,/v1.0/{accountId}/flavors/{flavorId},GET,http://rackerlabs.github.io/wadl2swagger/openstack/swagger/dbaas.json
OpenStack,dbaas,/,GET,http://rackerlabs.github.io/wadl2swagger/openstack/swagger/dbaas.json
OpenStack,dbaas,/v1.0/{accountId}/instances/{instanceId}/action,POST,http://rackerlabs.github.io/wadl2swagger/openstack/swagger/dbaas.json
OpenStack,dbaas,/v1.0/{accountId}/instances,POST,http://rackerlabs.github.io/wadl2swagger/openstack/swagger/dbaas.json
OpenStack,dbaas,/v1.0/{accountId}/instances,GET,http://rackerlabs.github.io/wadl2swagger/openstack/swagger/dbaas.json
OpenStack,dbaas,/v1.0/{accountId}/instances/{instanceId}/users,POST,http://rackerlabs.github.io/wadl2swagger/openstack/swagger/dbaas.json
OpenStack,dbaas,/v1.0/{accountId}/instances/{instanceId}/users,GET,http://rackerlabs.github.io/wadl2swagger/openstack/swagger/dbaas.json
OpenStack,dbaas,/v1.0/{accountId}/instances/{instanceId}/root,POST,http://rackerlabs.github.io/wadl2swagger/openstack/swagger/dbaas.json
OpenStack,dbaas,/v1.0/{accountId}/instances/{instanceId}/root,GET,http://rackerlabs.github.io/wadl2swagger/openstack/swagger/dbaas.json
OpenStack,dbaas,/v1.0/{accountId}/instances/{instanceId}/databases,POST,http://rackerlabs.github.io/wadl2swagger/openstack/swagger/dbaas.json
OpenStack,dbaas,/v1.0/{accountId}/instances/{instanceId}/databases,GET,http://rackerlabs.github.io/wadl2swagger/openstack/swagger/dbaas.json
OpenStack,dbaas,/v1.0,GET,http://rackerlabs.github.io/wadl2swagger/openstack/swagger/dbaas.json
OpenStack,flavor-access-v2.1,/v2.1/flavors/1,GET,http://rackerlabs.github.io/wadl2swagger/openstack/swagger/flavor-access-v2.1.json
OpenStack,flavor-access-v2.1,/v2.1/flavors,POST,http://rackerlabs.github.io/wadl2swagger/openstack/swagger/flavor-access-v2.1.json
OpenStack,flavor-access-v2.1,/v2.1/flavors/10/action,POST,http://rackerlabs.github.io/wadl2swagger/openstack/swagger/flavor-access-v2.1.json
OpenStack,flavor-access-v2.1,/v2.1/flavors/10/flavor-access,GET,http://rackerlabs.github.io/wadl2swagger/openstack/swagger/flavor-access-v2.1.json
OpenStack,flavor-access-v2.1,/v2.1/flavors/detail,GET,http://rackerlabs.github.io/wadl2swagger/openstack/swagger/flavor-access-v2.1.json
OpenStack,identity-admin,/v2.0,GET,http://rackerlabs.github.io/wadl2swagger/openstack/swagger/identity-admin.json
OpenStack,identity-admin,/v2.0/users/{user_id},GET,http://rackerlabs.github.io/wadl2swagger/openstack/swagger/identity-admin.json
OpenStack,identity-admin,/v2.0/users/{name},GET,http://rackerlabs.github.io/wadl2swagger/openstack/swagger/identity-admin.json
OpenStack,identity-admin,/v2.0/tenants/{tenantId},GET,http://rackerlabs.github.io/wadl2swagger/openstack/swagger/identity-admin.json
OpenStack,identity-admin,/v2.0/users,POST,http://rackerlabs.github.io/wadl2swagger/openstack/swagger/identity-admin.json
OpenStack,identity-admin,/v2.0/extensions/{alias},GET,http://rackerlabs.github.io/wadl2swagger/openstack/swagger/identity-admin.json
OpenStack,identity-admin,/v2.0/tokens/{tokenId}/endpoints,GET,http://rackerlabs.github.io/wadl2swagger/openstack/swagger/identity-admin.json
OpenStack,identity-admin,/v2.0/tenants/{tenantId}/users/{userId}/roles,GET,http://rackerlabs.github.io/wadl2swagger/openstack/swagger/identity-admin.json
OpenStack,identity-admin,/v2.0/users/{user_id}/roles,GET,http://rackerlabs.github.io/wadl2swagger/openstack/swagger/identity-admin.json
OpenStack,identity-admin,/v2.0/extensions,GET,http://rackerlabs.github.io/wadl2swagger/openstack/swagger/identity-admin.json
OpenStack,identity-admin,/v2.0/tenants,GET,http://rackerlabs.github.io/wadl2swagger/openstack/swagger/identity-admin.json
OpenStack,identity-admin,/v2.0/users/{userId},PUT,http://rackerlabs.github.io/wadl2swagger/openstack/swagger/identity-admin.json
OpenStack,identity-admin,/v2.0/users/{userId},DELETE,http://rackerlabs.github.io/wadl2swagger/openstack/swagger/identity-admin.json
OpenStack,identity-admin,/v2.0/tokens,POST,http://rackerlabs.github.io/wadl2swagger/openstack/swagger/identity-admin.json
OpenStack,identity-admin,/v2.0/tokens/{tokenId},HEAD,http://rackerlabs.github.io/wadl2swagger/openstack/swagger/identity-admin.json
OpenStack,identity-admin,/v2.0/tokens/{tokenId},GET,http://rackerlabs.github.io/wadl2swagger/openstack/swagger/identity-admin.json
OpenStack,identity,/v2.0,GET,http://rackerlabs.github.io/wadl2swagger/openstack/swagger/identity.json
OpenStack,identity,/v2.0/extensions/{alias},GET,http://rackerlabs.github.io/wadl2swagger/openstack/swagger/identity.json
OpenStack,identity,/v2.0/extensions,GET,http://rackerlabs.github.io/wadl2swagger/openstack/swagger/identity.json
OpenStack,identity,/,GET,http://rackerlabs.github.io/wadl2swagger/openstack/swagger/identity.json
OpenStack,identity,/v2.0/tenants,GET,http://rackerlabs.github.io/wadl2swagger/openstack/swagger/identity.json
OpenStack,identity,/v2.0/tokens,POST,http://rackerlabs.github.io/wadl2swagger/openstack/swagger/identity.json
OpenStack,metering-labels,/v2.0/metering/metering-labels/{metering_label_id},DELETE,http://rackerlabs.github.io/wadl2swagger/openstack/swagger/metering-labels.json
OpenStack,metering-labels,/v2.0/metering/metering-labels/{metering_label_id},GET,http://rackerlabs.github.io/wadl2swagger/openstack/swagger/metering-labels.json
OpenStack,metering-labels,/v2.0/metering/metering-labels,POST,http://rackerlabs.github.io/wadl2swagger/openstack/swagger/metering-labels.json
OpenStack,metering-labels,/v2.0/metering/metering-labels,GET,http://rackerlabs.github.io/wadl2swagger/openstack/swagger/metering-labels.json
OpenStack,metering-labels,/v2.0/metering/metering-label-rules,POST,http://rackerlabs.github.io/wadl2swagger/openstack/swagger/metering-labels.json
OpenStack,metering-labels,/v2.0/metering/metering-label-rules,GET,http://rackerlabs.github.io/wadl2swagger/openstack/swagger/metering-labels.json
OpenStack,metering-labels,/v2.0/metering/metering-label-rules/{metering-label-rule-id},DELETE,http://rackerlabs.github.io/wadl2swagger/openstack/swagger/metering-labels.json
OpenStack,metering-labels,/v2.0/metering/metering-label-rules/{metering-label-rule-id},GET,http://rackerlabs.github.io/wadl2swagger/openstack/swagger/metering-labels.json
OpenStack,orchestration-api,/v1/{tenant_id}/resource_types,GET,http://rackerlabs.github.io/wadl2swagger/openstack/swagger/orchestration-api.json
OpenStack,orchestration-api,/v1/{tenant_id}/stacks/{stack_name}/{stack_id}/abandon,DELETE,http://rackerlabs.github.io/wadl2swagger/openstack/swagger/orchestration-api.json
OpenStack,orchestration-api,/v1/{tenant_id}/stacks/{stack_name}/{stack_id}/snapshots/{snapshot_id},POST,http://rackerlabs.github.io/wadl2swagger/openstack/swagger/orchestration-api.json
OpenStack,orchestration-api,/v1/{tenant_id}/stacks/{stack_name}/{stack_id}/snapshots/{snapshot_id},DELETE,http://rackerlabs.github.io/wadl2swagger/openstack/swagger/orchestration-api.json
OpenStack,orchestration-api,/v1/{tenant_id}/stacks/{stack_name}/{stack_id}/snapshots/{snapshot_id},GET,http://rackerlabs.github.io/wadl2swagger/openstack/swagger/orchestration-api.json
OpenStack,orchestration-api,/v1/{tenant_id}/stacks/preview,POST,http://rackerlabs.github.io/wadl2swagger/openstack/swagger/orchestration-api.json
OpenStack,orchestration-api,/v1/{tenant_id}/stacks/{stack_name}/{stack_id}/resources/{resource_name}/events/{event_id},GET,http://rackerlabs.github.io/wadl2swagger/openstack/swagger/orchestration-api.json
OpenStack,orchestration-api,/v1/{tenant_id}/stacks/{stack_name}/events,GET,http://rackerlabs.github.io/wadl2swagger/openstack/swagger/orchestration-api.json
OpenStack,orchestration-api,/v1/{tenant_id}/software_deployments,POST,http://rackerlabs.github.io/wadl2swagger/openstack/swagger/orchestration-api.json
OpenStack,orchestration-api,/v1/{tenant_id}/software_deployments,GET,http://rackerlabs.github.io/wadl2swagger/openstack/swagger/orchestration-api.json
OpenStack,orchestration-api,/v1/{tenant_id}/software_deployments/metadata/{server_id},GET,http://rackerlabs.github.io/wadl2swagger/openstack/swagger/orchestration-api.json
OpenStack,orchestration-api,/,GET,http://rackerlabs.github.io/wadl2swagger/openstack/swagger/orchestration-api.json
OpenStack,orchestration-api,/v1/{tenant_id}/validate,POST,http://rackerlabs.github.io/wadl2swagger/openstack/swagger/orchestration-api.json
OpenStack,orchestration-api,/v1/{tenant_id}/resource_types/{type_name}/template,GET,http://rackerlabs.github.io/wadl2swagger/openstack/swagger/orchestration-api.json
OpenStack,orchestration-api,/v1/{tenant_id}/stacks/{stack_name}/{stack_id}/resources/{resource_name}/events,GET,http://rackerlabs.github.io/wadl2swagger/openstack/swagger/orchestration-api.json
OpenStack,orchestration-api,/v1/{tenant_id}/stacks/{stack_name}/resources,GET,http://rackerlabs.github.io/wadl2swagger/openstack/swagger/orchestration-api.json
OpenStack,orchestration-api,/v1/{tenant_id}/resource_types/{type_name},GET,http://rackerlabs.github.io/wadl2swagger/openstack/swagger/orchestration-api.json
OpenStack,orchestration-api,/v1/{tenant_id}/software_configs,POST,http://rackerlabs.github.io/wadl2swagger/openstack/swagger/orchestration-api.json
OpenStack,orchestration-api,/v1/{tenant_id}/stacks/{stack_name}/{stack_id}/template,GET,http://rackerlabs.github.io/wadl2swagger/openstack/swagger/orchestration-api.json
OpenStack,orchestration-api,/v1/{tenant_id}/software_deployments/{deployment_id},PUT,http://rackerlabs.github.io/wadl2swagger/openstack/swagger/orchestration-api.json
OpenStack,orchestration-api,/v1/{tenant_id}/software_deployments/{deployment_id},DELETE,http://rackerlabs.github.io/wadl2swagger/openstack/swagger/orchestration-api.json
OpenStack,orchestration-api,/v1/{tenant_id}/software_deployments/{deployment_id},GET,http://rackerlabs.github.io/wadl2swagger/openstack/swagger/orchestration-api.json
OpenStack,orchestration-api,/v1/{tenant_id}/stacks/{stack_name}/{stack_id},PUT,http://rackerlabs.github.io/wadl2swagger/openstack/swagger/orchestration-api.json
OpenStack,orchestration-api,/v1/{tenant_id}/stacks/{stack_name}/{stack_id},DELETE,http://rackerlabs.github.io/wadl2swagger/openstack/swagger/orchestration-api.json
OpenStack,orchestration-api,/v1/{tenant_id}/stacks/{stack_name}/{stack_id},GET,http://rackerlabs.github.io/wadl2swagger/openstack/swagger/orchestration-api.json
OpenStack,orchestration-api,/v1/{tenant_id}/stacks/{stack_name}/{stack_id}/events,GET,http://rackerlabs.github.io/wadl2swagger/openstack/swagger/orchestration-api.json
OpenStack,orchestration-api,/v1/{tenant_id}/stacks/{stack_name}/{stack_id}/resources,GET,http://rackerlabs.github.io/wadl2swagger/openstack/swagger/orchestration-api.json
OpenStack,orchestration-api,/v1/{tenant_id}/stacks/{stack_name}/{stack_id}/resources/{resource_name},GET,http://rackerlabs.github.io/wadl2swagger/openstack/swagger/orchestration-api.json
OpenStack,orchestration-api,/v1/{tenant_id}/software_configs/{config_id},DELETE,http://rackerlabs.github.io/wadl2swagger/openstack/swagger/orchestration-api.json
OpenStack,orchestration-api,/v1/{tenant_id}/software_configs/{config_id},GET,http://rackerlabs.github.io/wadl2swagger/openstack/swagger/orchestration-api.json
OpenStack,orchestration-api,/v1/{tenant_id}/stacks/{stack_name}/{stack_id}/resources/{resource_name}/metadata,GET,http://rackerlabs.github.io/wadl2swagger/openstack/swagger/orchestration-api.json
OpenStack,orchestration-api,/v1/{tenant_id}/stacks,POST,http://rackerlabs.github.io/wadl2swagger/openstack/swagger/orchestration-api.json
OpenStack,orchestration-api,/v1/{tenant_id}/stacks,GET,http://rackerlabs.github.io/wadl2swagger/openstack/swagger/orchestration-api.json
OpenStack,orchestration-api,/v1/{tenant_id}/build_info,GET,http://rackerlabs.github.io/wadl2swagger/openstack/swagger/orchestration-api.json
OpenStack,orchestration-api,/v1/{tenant_id}/stacks/{stack_name},GET,http://rackerlabs.github.io/wadl2swagger/openstack/swagger/orchestration-api.json
OpenStack,orchestration-api,/v1/{tenant_id}/stacks/{stack_name}/{stack_id}/snapshots,POST,http://rackerlabs.github.io/wadl2swagger/openstack/swagger/orchestration-api.json
OpenStack,orchestration-api,/v1/{tenant_id}/stacks/{stack_name}/{stack_id}/snapshots,GET,http://rackerlabs.github.io/wadl2swagger/openstack/swagger/orchestration-api.json
OpenStack,orchestration-api,/v1/{tenant_id}/stacks/{stack_name}/{stack_id}/resources/{resource_name}/signal,POST,http://rackerlabs.github.io/wadl2swagger/openstack/swagger/orchestration-api.json
OpenStack,orchestration-api,/v1/{tenant_id}/stacks/{stack_name}/{stack_id}/actions,POST,http://rackerlabs.github.io/wadl2swagger/openstack/swagger/orchestration-api.json
OpenStack,os-admin-actions-v2.1,/v2.1/servers/{server_id}/action/{server_id}/action,POST,http://rackerlabs.github.io/wadl2swagger/openstack/swagger/os-admin-actions-v2.1.json
OpenStack,os-admin-actions,/v2/{tenant_id}/servers/{server_id}/action,POST,http://rackerlabs.github.io/wadl2swagger/openstack/swagger/os-admin-actions.json
OpenStack,os-agents-v2.1,/v2.1/os-agents/{id},PUT,http://rackerlabs.github.io/wadl2swagger/openstack/swagger/os-agents-v2.1.json
OpenStack,os-agents-v2.1,/v2.1/os-agents,POST,http://rackerlabs.github.io/wadl2swagger/openstack/swagger/os-agents-v2.1.json
OpenStack,os-agents-v2.1,/v2.1/os-agents,GET,http://rackerlabs.github.io/wadl2swagger/openstack/swagger/os-agents-v2.1.json
OpenStack,os-agents,/v2/{tenant_id}/os-agents/{id},PUT,http://rackerlabs.github.io/wadl2swagger/openstack/swagger/os-agents.json
OpenStack,os-agents,/v2/{tenant_id}/os-agents,POST,http://rackerlabs.github.io/wadl2swagger/openstack/swagger/os-agents.json
OpenStack,os-agents,/v2/{tenant_id}/os-agents,DELETE,http://rackerlabs.github.io/wadl2swagger/openstack/swagger/os-agents.json
OpenStack,os-agents,/v2/{tenant_id}/os-agents,GET,http://rackerlabs.github.io/wadl2swagger/openstack/swagger/os-agents.json
OpenStack,os-aggregates-v2.1,/v2.1/os-aggregates/{aggregate_id}/action,POST,http://rackerlabs.github.io/wadl2swagger/openstack/swagger/os-aggregates-v2.1.json
OpenStack,os-aggregates-v2.1,/v2.1/os-aggregates,POST,http://rackerlabs.github.io/wadl2swagger/openstack/swagger/os-aggregates-v2.1.json
OpenStack,os-aggregates-v2.1,/v2.1/os-aggregates,GET,http://rackerlabs.github.io/wadl2swagger/openstack/swagger/os-aggregates-v2.1.json
OpenStack,os-aggregates-v2.1,/v2.1/os-aggregates/{aggregate_id},GET,http://rackerlabs.github.io/wadl2swagger/openstack/swagger/os-aggregates-v2.1.json
OpenStack,os-aggregates,/v2/{tenant_id}/os-aggregates/{aggregate_id},PUT,http://rackerlabs.github.io/wadl2swagger/openstack/swagger/os-aggregates.json
OpenStack,os-aggregates,/v2/{tenant_id}/os-aggregates/{aggregate_id},GET,http://rackerlabs.github.io/wadl2swagger/openstack/swagger/os-aggregates.json
OpenStack,os-aggregates,/v2/{tenant_id}/os-aggregates/{aggregate_id},DELETE,http://rackerlabs.github.io/wadl2swagger/openstack/swagger/os-aggregates.json
OpenStack,os-aggregates,/v2/{tenant_id}/os-aggregates/{aggregate_id}/action,POST,http://rackerlabs.github.io/wadl2swagger/openstack/swagger/os-aggregates.json
OpenStack,os-aggregates,/v2/{tenant_id}/os-aggregates,POST,http://rackerlabs.github.io/wadl2swagger/openstack/swagger/os-aggregates.json
OpenStack,os-aggregates,/v2/{tenant_id}/os-aggregates,GET,http://rackerlabs.github.io/wadl2swagger/openstack/swagger/os-aggregates.json
OpenStack,os-block-device-mapping-v2-boot,/v2/{tenant_id}/servers,POST,http://rackerlabs.github.io/wadl2swagger/openstack/swagger/os-block-device-mapping-v2-boot.json
OpenStack,os-block-device-mapping-v2-boot,/v2/{tenant_id}/servers,GET,http://rackerlabs.github.io/wadl2swagger/openstack/swagger/os-block-device-mapping-v2-boot.json
OpenStack,os-cells-v2.1,/v2.1/os-cells/cell3,GET,http://rackerlabs.github.io/wadl2swagger/openstack/swagger/os-cells-v2.1.json
OpenStack,os-cells-v2.1,/v2.1/os-cells/nova/capacities,GET,http://rackerlabs.github.io/wadl2swagger/openstack/swagger/os-cells-v2.1.json
OpenStack,os-cells-v2.1,/v2.1/os-cells,GET,http://rackerlabs.github.io/wadl2swagger/openstack/swagger/os-cells-v2.1.json
OpenStack,os-certificates-v2.1,/v2.1/os-certificates/root,GET,http://rackerlabs.github.io/wadl2swagger/openstack/swagger/os-certificates-v2.1.json
OpenStack,os-certificates-v2.1,/v2.1/os-certificates,POST,http://rackerlabs.github.io/wadl2swagger/openstack/swagger/os-certificates-v2.1.json
OpenStack,os-certificates,/v2/{tenant_id}/os-certificates,POST,http://rackerlabs.github.io/wadl2swagger/openstack/swagger/os-certificates.json
OpenStack,os-certificates,/v2/{tenant_id}/os-certificates,GET,http://rackerlabs.github.io/wadl2swagger/openstack/swagger/os-certificates.json
OpenStack,os-cloudpipe,/v2/{tenant_id}/os-cloudpipe/configure-project,POST,http://rackerlabs.github.io/wadl2swagger/openstack/swagger/os-cloudpipe.json
OpenStack,os-cloudpipe,/v2/{tenant_id}/os-cloudpipe,POST,http://rackerlabs.github.io/wadl2swagger/openstack/swagger/os-cloudpipe.json
OpenStack,os-cloudpipe,/v2/{tenant_id}/os-cloudpipe,GET,http://rackerlabs.github.io/wadl2swagger/openstack/swagger/os-cloudpipe.json
OpenStack,os-compute-2,/v2,GET,http://rackerlabs.github.io/wadl2swagger/openstack/swagger/os-compute-2.json
OpenStack,os-compute-2,/v2/{tenant_id}/servers/{server_id}/action,POST,http://rackerlabs.github.io/wadl2swagger/openstack/swagger/os-compute-2.json
OpenStack,os-compute-2,/v2/{tenant_id}/flavors/{flavor_id},GET,http://rackerlabs.github.io/wadl2swagger/openstack/swagger/os-compute-2.json
OpenStack,os-compute-2,/v2/{tenant_id}/servers/{server_id}/ips,GET,http://rackerlabs.github.io/wadl2swagger/openstack/swagger/os-compute-2.json
OpenStack,os-compute-2,/v2/{tenant_id}/images/{image_id}/metadata/{key},PUT,http://rackerlabs.github.io/wadl2swagger/openstack/swagger/os-compute-2.json
OpenStack,os-compute-2,/v2/{tenant_id}/images/{image_id}/metadata/{key},DELETE,http://rackerlabs.github.io/wadl2swagger/openstack/swagger/os-compute-2.json
OpenStack,os-compute-2,/v2/{tenant_id}/images/{image_id}/metadata/{key},GET,http://rackerlabs.github.io/wadl2swagger/openstack/swagger/os-compute-2.json
OpenStack,os-compute-2,/v2/{tenant_id}/flavors,GET,http://rackerlabs.github.io/wadl2swagger/openstack/swagger/os-compute-2.json
OpenStack,os-compute-2,/v2/{tenant_id}/images,GET,http://rackerlabs.github.io/wadl2swagger/openstack/swagger/os-compute-2.json
OpenStack,os-compute-2,/v2/{tenant_id}/servers/detail,GET,http://rackerlabs.github.io/wadl2swagger/openstack/swagger/os-compute-2.json
OpenStack,os-compute-2,/,GET,http://rackerlabs.github.io/wadl2swagger/openstack/swagger/os-compute-2.json
OpenStack,os-compute-2,/v2/{tenant_id}/extensions,GET,http://rackerlabs.github.io/wadl2swagger/openstack/swagger/os-compute-2.json
OpenStack,os-compute-2,/v2/{tenant_id}/servers/{server_id},PUT,http://rackerlabs.github.io/wadl2swagger/openstack/swagger/os-compute-2.json
OpenStack,os-compute-2,/v2/{tenant_id}/servers/{server_id},DELETE,http://rackerlabs.github.io/wadl2swagger/openstack/swagger/os-compute-2.json
OpenStack,os-compute-2,/v2/{tenant_id}/servers/{server_id},GET,http://rackerlabs.github.io/wadl2swagger/openstack/swagger/os-compute-2.json
OpenStack,os-compute-2,/v2/{tenant_id}/servers/{server_id}/metadata,PUT,http://rackerlabs.github.io/wadl2swagger/openstack/swagger/os-compute-2.json
OpenStack,os-compute-2,/v2/{tenant_id}/servers/{server_id}/metadata,POST,http://rackerlabs.github.io/wadl2swagger/openstack/swagger/os-compute-2.json
OpenStack,os-compute-2,/v2/{tenant_id}/servers/{server_id}/metadata,GET,http://rackerlabs.github.io/wadl2swagger/openstack/swagger/os-compute-2.json
OpenStack,os-compute-2,/v2/{tenant_id}/images/{image_id},DELETE,http://rackerlabs.github.io/wadl2swagger/openstack/swagger/os-compute-2.json
OpenStack,os-compute-2,/v2/{tenant_id}/images/{image_id},GET,http://rackerlabs.github.io/wadl2swagger/openstack/swagger/os-compute-2.json
OpenStack,os-compute-2,/v2/{tenant_id}/flavors/detail,GET,http://rackerlabs.github.io/wadl2swagger/openstack/swagger/os-compute-2.json
OpenStack,os-compute-2,/v2/{tenant_id}/images/{image_id}/metadata,PUT,http://rackerlabs.github.io/wadl2swagger/openstack/swagger/os-compute-2.json
OpenStack,os-compute-2,/v2/{tenant_id}/images/{image_id}/metadata,POST,http://rackerlabs.github.io/wadl2swagger/openstack/swagger/os-compute-2.json
OpenStack,os-compute-2,/v2/{tenant_id}/images/{image_id}/metadata,GET,http://rackerlabs.github.io/wadl2swagger/openstack/swagger/os-compute-2.json
OpenStack,os-compute-2,/v2/{tenant_id}/servers,POST,http://rackerlabs.github.io/wadl2swagger/openstack/swagger/os-compute-2.json
OpenStack,os-compute-2,/v2/{tenant_id}/servers,GET,http://rackerlabs.github.io/wadl2swagger/openstack/swagger/os-compute-2.json
OpenStack,os-compute-2,/v2/{tenant_id}/servers/{server_id}/metadata/{key},PUT,http://rackerlabs.github.io/wadl2swagger/openstack/swagger/os-compute-2.json
OpenStack,os-compute-2,/v2/{tenant_id}/servers/{server_id}/metadata/{key},DELETE,http://rackerlabs.github.io/wadl2swagger/openstack/swagger/os-compute-2.json
OpenStack,os-compute-2,/v2/{tenant_id}/servers/{server_id}/metadata/{key},GET,http://rackerlabs.github.io/wadl2swagger/openstack/swagger/os-compute-2.json
OpenStack,os-compute-2,/v2/{tenant_id}/extensions/{alias},GET,http://rackerlabs.github.io/wadl2swagger/openstack/swagger/os-compute-2.json
OpenStack,os-compute-2,/v2/{tenant_id}/limits,GET,http://rackerlabs.github.io/wadl2swagger/openstack/swagger/os-compute-2.json
OpenStack,os-compute-2,/v2/{tenant_id}/images/detail,GET,http://rackerlabs.github.io/wadl2swagger/openstack/swagger/os-compute-2.json
OpenStack,os-compute-2,/v2/{tenant_id}/servers/{server_id}/ips/{network_label},GET,http://rackerlabs.github.io/wadl2swagger/openstack/swagger/os-compute-2.json
OpenStack,os-config-drive-v2.1,/v2.1/servers/{server_id},GET,http://rackerlabs.github.io/wadl2swagger/openstack/swagger/os-config-drive-v2.1.json
OpenStack,os-config-drive-v2.1,/v2.1/servers/detail,GET,http://rackerlabs.github.io/wadl2swagger/openstack/swagger/os-config-drive-v2.1.json
OpenStack,os-console-output,/v2/{tenant_id}/servers/{server_id}/action,POST,http://rackerlabs.github.io/wadl2swagger/openstack/swagger/os-console-output.json
OpenStack,os-consoles,/v2/{tenant_id}/servers/{server_id}/action,POST,http://rackerlabs.github.io/wadl2swagger/openstack/swagger/os-consoles.json
OpenStack,os-coverage,/v2/{tenant_id}/os-coverage/action,POST,http://rackerlabs.github.io/wadl2swagger/openstack/swagger/os-coverage.json
OpenStack,os-createserverext,/v2/{tenant_id}/servers/{server_id},GET,http://rackerlabs.github.io/wadl2swagger/openstack/swagger/os-createserverext.json
OpenStack,os-createserverext,/v2/{tenant_id}/servers,POST,http://rackerlabs.github.io/wadl2swagger/openstack/swagger/os-createserverext.json
OpenStack,os-createserverext,/v2/{tenant_id}/servers/{server_id}/detail,GET,http://rackerlabs.github.io/wadl2swagger/openstack/swagger/os-createserverext.json
OpenStack,os-deferred-delete-v2.1,/v2.1/servers/{server_id}/action,POST,http://rackerlabs.github.io/wadl2swagger/openstack/swagger/os-deferred-delete-v2.1.json
OpenStack,os-deferred-delete,/v2/{tenant_id}/servers/{server_id}/action,POST,http://rackerlabs.github.io/wadl2swagger/openstack/swagger/os-deferred-delete.json
OpenStack,os-diagnostics,/v2/{tenant_id}/servers/{server_id}/diagnostics,GET,http://rackerlabs.github.io/wadl2swagger/openstack/swagger/os-diagnostics.json
OpenStack,os-disk-config,/v2/{tenant_id}/servers/detail,GET,http://rackerlabs.github.io/wadl2swagger/openstack/swagger/os-disk-config.json
OpenStack,os-disk-config,/v2/{tenant_id}/servers/{server_id},PUT,http://rackerlabs.github.io/wadl2swagger/openstack/swagger/os-disk-config.json
OpenStack,os-disk-config,/v2/{tenant_id}/servers/{server_id},GET,http://rackerlabs.github.io/wadl2swagger/openstack/swagger/os-disk-config.json
OpenStack,os-disk-config,/v2/{tenant_id}/images/{image_id},GET,http://rackerlabs.github.io/wadl2swagger/openstack/swagger/os-disk-config.json
OpenStack,os-disk-config,/v2/{tenant_id}/servers,POST,http://rackerlabs.github.io/wadl2swagger/openstack/swagger/os-disk-config.json
OpenStack,os-disk-config,/v2/{tenant_id}/servers/{server_id}/action,POST,http://rackerlabs.github.io/wadl2swagger/openstack/swagger/os-disk-config.json
OpenStack,os-disk-config,/v2/{tenant_id}/images/detail,GET,http://rackerlabs.github.io/wadl2swagger/openstack/swagger/os-disk-config.json
OpenStack,os-evacuate-v2.1,/v2.1/servers/{server_id}/action,POST,http://rackerlabs.github.io/wadl2swagger/openstack/swagger/os-evacuate-v2.1.json
OpenStack,os-ext-az,/v2/{tenant_id}/servers/{server_id},GET,http://rackerlabs.github.io/wadl2swagger/openstack/swagger/os-ext-az.json
OpenStack,os-ext-az,/v2/{tenant_id}/servers/detail,GET,http://rackerlabs.github.io/wadl2swagger/openstack/swagger/os-ext-az.json
OpenStack,os-ext-img-size,/v2/{tenant_id}/images/{image_id},GET,http://rackerlabs.github.io/wadl2swagger/openstack/swagger/os-ext-img-size.json
OpenStack,os-ext-img-size,/v2/{tenant_id}/images/detail,GET,http://rackerlabs.github.io/wadl2swagger/openstack/swagger/os-ext-img-size.json
OpenStack,os-ext-ips,/v2/{tenant_id}/servers/{server_id}/action,GET,http://rackerlabs.github.io/wadl2swagger/openstack/swagger/os-ext-ips.json
OpenStack,os-ext-ips,/v2/{tenant_id}/servers/detail,GET,http://rackerlabs.github.io/wadl2swagger/openstack/swagger/os-ext-ips.json
OpenStack,os-extended-availability-zone-v2.1,/v2.1/servers/{server_id},GET,http://rackerlabs.github.io/wadl2swagger/openstack/swagger/os-extended-availability-zone-v2.1.json
OpenStack,os-extended-availability-zone-v2.1,/v2.1/servers/detail,GET,http://rackerlabs.github.io/wadl2swagger/openstack/swagger/os-extended-availability-zone-v2.1.json
OpenStack,os-extended-server-attributes-v2.1,/v2.1/servers,GET,http://rackerlabs.github.io/wadl2swagger/openstack/swagger/os-extended-server-attributes-v2.1.json
OpenStack,os-extended-server-attributes-v2.1,/v2.1/servers/details,GET,http://rackerlabs.github.io/wadl2swagger/openstack/swagger/os-extended-server-attributes-v2.1.json
OpenStack,os-extended-server-attributes,/v2/{tenant_id}/servers/{server_id},GET,http://rackerlabs.github.io/wadl2swagger/openstack/swagger/os-extended-server-attributes.json
OpenStack,os-extended-server-attributes,/v2/{tenant_id}/servers,GET,http://rackerlabs.github.io/wadl2swagger/openstack/swagger/os-extended-server-attributes.json
OpenStack,os-extended-status-v2.1,/v2.1/servers/{server_id},GET,http://rackerlabs.github.io/wadl2swagger/openstack/swagger/os-extended-status-v2.1.json
OpenStack,os-extended-status-v2.1,/v2.1/servers/detail,GET,http://rackerlabs.github.io/wadl2swagger/openstack/swagger/os-extended-status-v2.1.json
OpenStack,os-extended-status,/v2/{tenant_id}/servers/{server_id},GET,http://rackerlabs.github.io/wadl2swagger/openstack/swagger/os-extended-status.json
OpenStack,os-extended-status,/v2/{tenant_id}/servers/detail,GET,http://rackerlabs.github.io/wadl2swagger/openstack/swagger/os-extended-status.json
OpenStack,os-fixed-ips,/v2/{tenant_id}/os-fixed-ips/{fixed_ip},GET,http://rackerlabs.github.io/wadl2swagger/openstack/swagger/os-fixed-ips.json
OpenStack,os-fixed-ips,/v2/{tenant_id}/os-fixed-ips/{fixed_ip}/action,POST,http://rackerlabs.github.io/wadl2swagger/openstack/swagger/os-fixed-ips.json
OpenStack,os-flavor-access,/v2/{tenant_id}/flavors,POST,http://rackerlabs.github.io/wadl2swagger/openstack/swagger/os-flavor-access.json
OpenStack,os-flavor-access,/v2/{tenant_id}/flavors,GET,http://rackerlabs.github.io/wadl2swagger/openstack/swagger/os-flavor-access.json
OpenStack,os-flavor-access,/v2/{tenant_id}/flavors/{flavor_id}/action,POST,http://rackerlabs.github.io/wadl2swagger/openstack/swagger/os-flavor-access.json
OpenStack,os-flavor-access,/v2/{tenant_id}/flavors/{flavor_id}/action,DELETE,http://rackerlabs.github.io/wadl2swagger/openstack/swagger/os-flavor-access.json
OpenStack,os-flavor-access,/v2/{tenant_id}/flavors/{flavor_id}/os-flavor-access,GET,http://rackerlabs.github.io/wadl2swagger/openstack/swagger/os-flavor-access.json
OpenStack,os-flavor-access,/v2/{tenant_id}/flavors/{flavor_id},GET,http://rackerlabs.github.io/wadl2swagger/openstack/swagger/os-flavor-access.json
OpenStack,os-flavor-extra-specs,/v2/{tenant_id}/flavors/{flavor_id}/os-extra_specs,POST,http://rackerlabs.github.io/wadl2swagger/openstack/swagger/os-flavor-extra-specs.json
OpenStack,os-flavor-extra-specs,/v2/{tenant_id}/flavors/{flavor_id}/os-extra_specs,GET,http://rackerlabs.github.io/wadl2swagger/openstack/swagger/os-flavor-extra-specs.json
OpenStack,os-flavor-extra-specs,/v2/{tenant_id}/flavors/{flavor_id}/os-extra_specs/{key_id},DELETE,http://rackerlabs.github.io/wadl2swagger/openstack/swagger/os-flavor-extra-specs.json
OpenStack,os-flavor-extra-specs,/v2/{tenant_id}/flavors/{flavor_id}/os-extra_specs/{key_id},GET,http://rackerlabs.github.io/wadl2swagger/openstack/swagger/os-flavor-extra-specs.json
OpenStack,os-flavor-manage-v2.1,/v2.1/flavors,POST,http://rackerlabs.github.io/wadl2swagger/openstack/swagger/os-flavor-manage-v2.1.json
OpenStack,os-flavor-manage-v2.1,/v2.1/flavors/{flavor_id},DELETE,http://rackerlabs.github.io/wadl2swagger/openstack/swagger/os-flavor-manage-v2.1.json
OpenStack,os-flavor-rxtx-v2.1,/v2.1/flavors,POST,http://rackerlabs.github.io/wadl2swagger/openstack/swagger/os-flavor-rxtx-v2.1.json
OpenStack,os-flavor-rxtx-v2.1,/v2.1/flavors/{flavor_id},GET,http://rackerlabs.github.io/wadl2swagger/openstack/swagger/os-flavor-rxtx-v2.1.json
OpenStack,os-flavor-rxtx-v2.1,/v2.1/flavors/detail,GET,http://rackerlabs.github.io/wadl2swagger/openstack/swagger/os-flavor-rxtx-v2.1.json
OpenStack,os-flavor-rxtx,/v2/{tenant_id}/flavors,POST,http://rackerlabs.github.io/wadl2swagger/openstack/swagger/os-flavor-rxtx.json
OpenStack,os-flavor-rxtx,/v2/{tenant_id}/flavors/detail,GET,http://rackerlabs.github.io/wadl2swagger/openstack/swagger/os-flavor-rxtx.json
OpenStack,os-flavor-rxtx,/v2/{tenant_id}/flavors/{flavor_id},GET,http://rackerlabs.github.io/wadl2swagger/openstack/swagger/os-flavor-rxtx.json
OpenStack,os-flavor-swap,/v2/{tenant_id}/flavors/{flavor_id}/os-flavor-swap,GET,http://rackerlabs.github.io/wadl2swagger/openstack/swagger/os-flavor-swap.json
OpenStack,os-flavorextradata,/v2/{tenant_id}/flavors,POST,http://rackerlabs.github.io/wadl2swagger/openstack/swagger/os-flavorextradata.json
OpenStack,os-flavorextradata,/v2/{tenant_id}/flavors/detail,GET,http://rackerlabs.github.io/wadl2swagger/openstack/swagger/os-flavorextradata.json
OpenStack,os-flavorextradata,/v2/{tenant_id}/flavors/{flavor_id},GET,http://rackerlabs.github.io/wadl2swagger/openstack/swagger/os-flavorextradata.json
OpenStack,os-flavormanage,/v2/{tenant_id}/flavors,POST,http://rackerlabs.github.io/wadl2swagger/openstack/swagger/os-flavormanage.json
OpenStack,os-flavormanage,/v2/{tenant_id}/flavors/{flavor_id},DELETE,http://rackerlabs.github.io/wadl2swagger/openstack/swagger/os-flavormanage.json
OpenStack,os-flavors-v2.1,/v2.1/flavors,GET,http://rackerlabs.github.io/wadl2swagger/openstack/swagger/os-flavors-v2.1.json
OpenStack,os-flavors-v2.1,/v2.1/flavors/{flavor_id},GET,http://rackerlabs.github.io/wadl2swagger/openstack/swagger/os-flavors-v2.1.json
OpenStack,os-flavors-v2.1,/v2.1/flavors/detail,GET,http://rackerlabs.github.io/wadl2swagger/openstack/swagger/os-flavors-v2.1.json
OpenStack,os-flavorspecs-v2.1,/v2.1/flavors/{flavor_id}/flavor-extra-specs/{flavor_extra_spec_key},PUT,http://rackerlabs.github.io/wadl2swagger/openstack/swagger/os-flavorspecs-v2.1.json
OpenStack,os-flavorspecs-v2.1,/v2.1/flavors/{flavor_id}/flavor-extra-specs/{flavor_extra_spec_key},GET,http://rackerlabs.github.io/wadl2swagger/openstack/swagger/os-flavorspecs-v2.1.json
OpenStack,os-flavorspecs-v2.1,/v2.1/flavors/{flavor_id}/flavor-extra-specs,POST,http://rackerlabs.github.io/wadl2swagger/openstack/swagger/os-flavorspecs-v2.1.json
OpenStack,os-flavorspecs-v2.1,/v2.1/flavors/{flavor_id}/flavor-extra-specs,GET,http://rackerlabs.github.io/wadl2swagger/openstack/swagger/os-flavorspecs-v2.1.json
OpenStack,os-floating-ip-dns,/v2/{tenant_id}/os-floating-ip-dns/{domain},PUT,http://rackerlabs.github.io/wadl2swagger/openstack/swagger/os-floating-ip-dns.json
OpenStack,os-floating-ip-dns,/v2/{tenant_id}/os-floating-ip-dns/{domain},DELETE,http://rackerlabs.github.io/wadl2swagger/openstack/swagger/os-floating-ip-dns.json
OpenStack,os-floating-ip-dns,/v2/{tenant_id}/os-floating-ip-dns/{domain}/entries/{name},PUT,http://rackerlabs.github.io/wadl2swagger/openstack/swagger/os-floating-ip-dns.json
OpenStack,os-floating-ip-dns,/v2/{tenant_id}/os-floating-ip-dns/{domain}/entries/{name},DELETE,http://rackerlabs.github.io/wadl2swagger/openstack/swagger/os-floating-ip-dns.json
OpenStack,os-floating-ip-dns,/v2/{tenant_id}/os-floating-ip-dns/{domain}/entries/{name},GET,http://rackerlabs.github.io/wadl2swagger/openstack/swagger/os-floating-ip-dns.json
OpenStack,os-floating-ip-dns,/v2/{tenant_id}/os-floating-ip-dns,GET,http://rackerlabs.github.io/wadl2swagger/openstack/swagger/os-floating-ip-dns.json
OpenStack,os-floating-ip-dns,/v2/{tenant_id}/os-floating-ip-dns/{domain}/entries/{ip},GET,http://rackerlabs.github.io/wadl2swagger/openstack/swagger/os-floating-ip-dns.json
OpenStack,os-floating-ip-pools,/v2/{tenant_id}/os-floating-ip-pools,GET,http://rackerlabs.github.io/wadl2swagger/openstack/swagger/os-floating-ip-pools.json
OpenStack,os-floating-ips-bulk,/v2/{tenant_id}/os-floating-ips-bulk,POST,http://rackerlabs.github.io/wadl2swagger/openstack/swagger/os-floating-ips-bulk.json
OpenStack,os-floating-ips-bulk,/v2/{tenant_id}/os-floating-ips-bulk,GET,http://rackerlabs.github.io/wadl2swagger/openstack/swagger/os-floating-ips-bulk.json
OpenStack,os-floating-ips-bulk,/v2/{tenant_id}/os-floating-ips-bulk/{host_name},GET,http://rackerlabs.github.io/wadl2swagger/openstack/swagger/os-floating-ips-bulk.json
OpenStack,os-floating-ips-bulk,/v2/{tenant_id}/os-floating-ips-bulk/delete,POST,http://rackerlabs.github.io/wadl2swagger/openstack/swagger/os-floating-ips-bulk.json
OpenStack,os-floating-ips,/v2/{tenant_id}/os-floating-ips,POST,http://rackerlabs.github.io/wadl2swagger/openstack/swagger/os-floating-ips.json
OpenStack,os-floating-ips,/v2/{tenant_id}/os-floating-ips,GET,http://rackerlabs.github.io/wadl2swagger/openstack/swagger/os-floating-ips.json
OpenStack,os-floating-ips,/v2/{tenant_id}/servers/{server_id}/action,POST,http://rackerlabs.github.io/wadl2swagger/openstack/swagger/os-floating-ips.json
OpenStack,os-floating-ips,/v2/{tenant_id}/os-floating-ips/{id},DELETE,http://rackerlabs.github.io/wadl2swagger/openstack/swagger/os-floating-ips.json
OpenStack,os-floating-ips,/v2/{tenant_id}/os-floating-ips/{id},GET,http://rackerlabs.github.io/wadl2swagger/openstack/swagger/os-floating-ips.json
OpenStack,os-flv-disabled,/v2/{tenant_id}/flavors/detail,GET,http://rackerlabs.github.io/wadl2swagger/openstack/swagger/os-flv-disabled.json
OpenStack,os-flv-disabled,/v2/{tenant_id}/flavors/{flavor_id},GET,http://rackerlabs.github.io/wadl2swagger/openstack/swagger/os-flv-disabled.json
OpenStack,os-hosts-v2.1,/v2.1/os-hosts/{host_name}/startup,GET,http://rackerlabs.github.io/wadl2swagger/openstack/swagger/os-hosts-v2.1.json
OpenStack,os-hosts-v2.1,/v2.1/os-hosts,GET,http://rackerlabs.github.io/wadl2swagger/openstack/swagger/os-hosts-v2.1.json
OpenStack,os-hosts-v2.1,/v2.1/os-hosts/{host_name}/shutdown,GET,http://rackerlabs.github.io/wadl2swagger/openstack/swagger/os-hosts-v2.1.json
OpenStack,os-hosts-v2.1,/v2.1/os-hosts/{host_name}/reboot,GET,http://rackerlabs.github.io/wadl2swagger/openstack/swagger/os-hosts-v2.1.json
OpenStack,os-hosts-v2.1,/v2.1/os-hosts/{host_name},PUT,http://rackerlabs.github.io/wadl2swagger/openstack/swagger/os-hosts-v2.1.json
OpenStack,os-hosts-v2.1,/v2.1/os-hosts/{host_name},GET,http://rackerlabs.github.io/wadl2swagger/openstack/swagger/os-hosts-v2.1.json
OpenStack,os-hosts,/v2/{tenant_id}/os-hosts/{host_name},PUT,http://rackerlabs.github.io/wadl2swagger/openstack/swagger/os-hosts.json
OpenStack,os-hosts,/v2/{tenant_id}/os-hosts/{host_name},GET,http://rackerlabs.github.io/wadl2swagger/openstack/swagger/os-hosts.json
OpenStack,os-hosts,/v2/{tenant_id}/os-hosts/{host_name}/shutdown,GET,http://rackerlabs.github.io/wadl2swagger/openstack/swagger/os-hosts.json
OpenStack,os-hosts,/v2/{tenant_id}/os-hosts/{host_name}/reboot,GET,http://rackerlabs.github.io/wadl2swagger/openstack/swagger/os-hosts.json
OpenStack,os-hosts,/v2/{tenant_id}/os-hosts/{host_name}/startup,GET,http://rackerlabs.github.io/wadl2swagger/openstack/swagger/os-hosts.json
OpenStack,os-hosts,/v2/{tenant_id}/os-hosts,GET,http://rackerlabs.github.io/wadl2swagger/openstack/swagger/os-hosts.json
OpenStack,os-hypervisors-v2.1,/v2.1/os-hypervisors/{hypervisor_id}/uptime,GET,http://rackerlabs.github.io/wadl2swagger/openstack/swagger/os-hypervisors-v2.1.json
OpenStack,os-hypervisors-v2.1,/v2.1/os-hypervisors/{hypervisor_id},GET,http://rackerlabs.github.io/wadl2swagger/openstack/swagger/os-hypervisors-v2.1.json
OpenStack,os-hypervisors-v2.1,/v2.1/os-hypervisors/search,GET,http://rackerlabs.github.io/wadl2swagger/openstack/swagger/os-hypervisors-v2.1.json
OpenStack,os-hypervisors-v2.1,/v2.1/os-hypervisors/statistics,GET,http://rackerlabs.github.io/wadl2swagger/openstack/swagger/os-hypervisors-v2.1.json
OpenStack,os-hypervisors-v2.1,/v2.1/os-hypervisors,GET,http://rackerlabs.github.io/wadl2swagger/openstack/swagger/os-hypervisors-v2.1.json
OpenStack,os-hypervisors-v2.1,/v2.1/os-hypervisors/{hypervisor_id}/servers,GET,http://rackerlabs.github.io/wadl2swagger/openstack/swagger/os-hypervisors-v2.1.json
OpenStack,os-hypervisors,/v2/{tenant_id}/os-hypervisors,GET,http://rackerlabs.github.io/wadl2swagger/openstack/swagger/os-hypervisors.json
OpenStack,os-hypervisors,/v2/{tenant_id}/os-hypervisors/statistics,GET,http://rackerlabs.github.io/wadl2swagger/openstack/swagger/os-hypervisors.json
OpenStack,os-hypervisors,/v2/{tenant_id}/os-hypervisors/{hypervisor_hostname},GET,http://rackerlabs.github.io/wadl2swagger/openstack/swagger/os-hypervisors.json
OpenStack,os-hypervisors,/v2/{tenant_id}/os-hypervisors/detail,GET,http://rackerlabs.github.io/wadl2swagger/openstack/swagger/os-hypervisors.json
OpenStack,os-hypervisors,/v2/{tenant_id}/os-hypervisors/{hypervisor_hostname}/servers,GET,http://rackerlabs.github.io/wadl2swagger/openstack/swagger/os-hypervisors.json
OpenStack,os-image-1.0,/v1/shared-images/{owner},GET,http://rackerlabs.github.io/wadl2swagger/openstack/swagger/os-image-1.0.json
OpenStack,os-image-1.0,/v1/images/{image_id}/members/{owner_id},PUT,http://rackerlabs.github.io/wadl2swagger/openstack/swagger/os-image-1.0.json
OpenStack,os-image-1.0,/v1/images/{image_id}/members/{owner_id},DELETE,http://rackerlabs.github.io/wadl2swagger/openstack/swagger/os-image-1.0.json
OpenStack,os-image-1.0,/v1/images/{image_id}/members,PUT,http://rackerlabs.github.io/wadl2swagger/openstack/swagger/os-image-1.0.json
OpenStack,os-image-1.0,/v1/images,POST,http://rackerlabs.github.io/wadl2swagger/openstack/swagger/os-image-1.0.json
OpenStack,os-image-1.0,/v1/images,GET,http://rackerlabs.github.io/wadl2swagger/openstack/swagger/os-image-1.0.json
OpenStack,os-image-1.0,/,GET,http://rackerlabs.github.io/wadl2swagger/openstack/swagger/os-image-1.0.json
OpenStack,os-image-1.0,/v1/images/{image_id},PUT,http://rackerlabs.github.io/wadl2swagger/openstack/swagger/os-image-1.0.json
OpenStack,os-image-1.0,/v1/images/{image_id},DELETE,http://rackerlabs.github.io/wadl2swagger/openstack/swagger/os-image-1.0.json
OpenStack,os-image-1.0,/v1/images/{image_id},GET,http://rackerlabs.github.io/wadl2swagger/openstack/swagger/os-image-1.0.json
OpenStack,os-image-1.0,/v1/images/detail,GET,http://rackerlabs.github.io/wadl2swagger/openstack/swagger/os-image-1.0.json
OpenStack,os-image-schemas-v2,/v2/schemas/members,GET,http://rackerlabs.github.io/wadl2swagger/openstack/swagger/os-image-schemas-v2.json
OpenStack,os-image-schemas-v2,/v2/schemas/images,GET,http://rackerlabs.github.io/wadl2swagger/openstack/swagger/os-image-schemas-v2.json
OpenStack,os-image-schemas-v2,/v2/schemas/member,GET,http://rackerlabs.github.io/wadl2swagger/openstack/swagger/os-image-schemas-v2.json
OpenStack,os-image-schemas-v2,/v2/schemas/image,GET,http://rackerlabs.github.io/wadl2swagger/openstack/swagger/os-image-schemas-v2.json
OpenStack,os-image-v2,/v2/images/{image_id}/file,PUT,http://rackerlabs.github.io/wadl2swagger/openstack/swagger/os-image-v2.json
OpenStack,os-image-v2,/v2/images/{image_id}/file,GET,http://rackerlabs.github.io/wadl2swagger/openstack/swagger/os-image-v2.json
OpenStack,os-image-v2,/v2/images/{image_id},DELETE,http://rackerlabs.github.io/wadl2swagger/openstack/swagger/os-image-v2.json
OpenStack,os-image-v2,/v2/images/{image_id},PATCH,http://rackerlabs.github.io/wadl2swagger/openstack/swagger/os-image-v2.json
OpenStack,os-image-v2,/v2/images/{image_id},GET,http://rackerlabs.github.io/wadl2swagger/openstack/swagger/os-image-v2.json
OpenStack,os-image-v2,/,GET,http://rackerlabs.github.io/wadl2swagger/openstack/swagger/os-image-v2.json
OpenStack,os-image-v2,/v2/images/{image_id}/members,POST,http://rackerlabs.github.io/wadl2swagger/openstack/swagger/os-image-v2.json
OpenStack,os-image-v2,/v2/images/{image_id}/members,GET,http://rackerlabs.github.io/wadl2swagger/openstack/swagger/os-image-v2.json
OpenStack,os-image-v2,/v2/images/{image_id}/members/{member_id},PUT,http://rackerlabs.github.io/wadl2swagger/openstack/swagger/os-image-v2.json
OpenStack,os-image-v2,/v2/images/{image_id}/members/{member_id},DELETE,http://rackerlabs.github.io/wadl2swagger/openstack/swagger/os-image-v2.json
OpenStack,os-image-v2,/v2/images/{image_id}/members/{member_id},GET,http://rackerlabs.github.io/wadl2swagger/openstack/swagger/os-image-v2.json
OpenStack,os-image-v2,/v2/images/{image_id}/tags/{tag},PUT,http://rackerlabs.github.io/wadl2swagger/openstack/swagger/os-image-v2.json
OpenStack,os-image-v2,/v2/images/{image_id}/tags/{tag},DELETE,http://rackerlabs.github.io/wadl2swagger/openstack/swagger/os-image-v2.json
OpenStack,os-image-v2,/v2/images,POST,http://rackerlabs.github.io/wadl2swagger/openstack/swagger/os-image-v2.json
OpenStack,os-image-v2,/v2/images,GET,http://rackerlabs.github.io/wadl2swagger/openstack/swagger/os-image-v2.json
OpenStack,os-instance-actions-v2.1,/v2.1/servers/{server_id}/os-instance-actions,GET,http://rackerlabs.github.io/wadl2swagger/openstack/swagger/os-instance-actions-v2.1.json
OpenStack,os-instance-actions-v2.1,/v2.1/servers/{server_id}/os-instance-actions/{request_id},GET,http://rackerlabs.github.io/wadl2swagger/openstack/swagger/os-instance-actions-v2.1.json
OpenStack,os-instance-actions,/v2/{tenant_id}/servers/{server_id}/os-instance-actions/{action_id},GET,http://rackerlabs.github.io/wadl2swagger/openstack/swagger/os-instance-actions.json
OpenStack,os-instance-actions,/v2/{tenant_id}/servers/{server_id}/os-instance-actions,GET,http://rackerlabs.github.io/wadl2swagger/openstack/swagger/os-instance-actions.json
OpenStack,os-instance-usage-audit-log-v2.1,/v2.1/os-instance-usage-audit-log,GET,http://rackerlabs.github.io/wadl2swagger/openstack/swagger/os-instance-usage-audit-log-v2.1.json
OpenStack,os-instance-usage-audit-log-v2.1,/v2.1/os-instance-usage-audit-log/{datetime},GET,http://rackerlabs.github.io/wadl2swagger/openstack/swagger/os-instance-usage-audit-log-v2.1.json
OpenStack,os-interface,/v2/{tenant_id}/servers/{server_id}/os-interface/{attachment_id},DELETE,http://rackerlabs.github.io/wadl2swagger/openstack/swagger/os-interface.json
OpenStack,os-interface,/v2/{tenant_id}/servers/{server_id}/os-interface/{attachment_id},GET,http://rackerlabs.github.io/wadl2swagger/openstack/swagger/os-interface.json
OpenStack,os-interface,/v2/{tenant_id}/servers/{server_id}/os-interface,POST,http://rackerlabs.github.io/wadl2swagger/openstack/swagger/os-interface.json
OpenStack,os-interface,/v2/{tenant_id}/servers/{server_id}/os-interface,GET,http://rackerlabs.github.io/wadl2swagger/openstack/swagger/os-interface.json
OpenStack,os-keypairs,/v2/{tenant_id}/os-keypairs/{keypair_name},GET,http://rackerlabs.github.io/wadl2swagger/openstack/swagger/os-keypairs.json
OpenStack,os-keypairs,/v2/{tenant_id}/os-keypairs/{keypair_name},DELETE,http://rackerlabs.github.io/wadl2swagger/openstack/swagger/os-keypairs.json
OpenStack,os-keypairs,/v2/{tenant_id}/os-keypairs,POST,http://rackerlabs.github.io/wadl2swagger/openstack/swagger/os-keypairs.json
OpenStack,os-keypairs,/v2/{tenant_id}/os-keypairs,GET,http://rackerlabs.github.io/wadl2swagger/openstack/swagger/os-keypairs.json
OpenStack,OS-KSADM-admin,/v2.0/tenants/{tenantId}/users,GET,http://rackerlabs.github.io/wadl2swagger/openstack/swagger/OS-KSADM-admin.json
OpenStack,OS-KSADM-admin,/v2.0/users/{userId}/roles,GET,http://rackerlabs.github.io/wadl2swagger/openstack/swagger/OS-KSADM-admin.json
OpenStack,OS-KSADM-admin,/v2.0/tenants/{tenantId},POST,http://rackerlabs.github.io/wadl2swagger/openstack/swagger/OS-KSADM-admin.json
OpenStack,OS-KSADM-admin,/v2.0/tenants/{tenantId},DELETE,http://rackerlabs.github.io/wadl2swagger/openstack/swagger/OS-KSADM-admin.json
OpenStack,OS-KSADM-admin,/v2.0/OS-KSADM/roles/{roleId},DELETE,http://rackerlabs.github.io/wadl2swagger/openstack/swagger/OS-KSADM-admin.json
OpenStack,OS-KSADM-admin,/v2.0/OS-KSADM/roles/{roleId},GET,http://rackerlabs.github.io/wadl2swagger/openstack/swagger/OS-KSADM-admin.json
OpenStack,OS-KSADM-admin,/v2.0/tenants/{tenantId}/users/{userId}/roles/OS-KSADM/{roleId},PUT,http://rackerlabs.github.io/wadl2swagger/openstack/swagger/OS-KSADM-admin.json
OpenStack,OS-KSADM-admin,/v2.0/tenants/{tenantId}/users/{userId}/roles/OS-KSADM/{roleId},DELETE,http://rackerlabs.github.io/wadl2swagger/openstack/swagger/OS-KSADM-admin.json
OpenStack,OS-KSADM-admin,/v2.0/users,POST,http://rackerlabs.github.io/wadl2swagger/openstack/swagger/OS-KSADM-admin.json
OpenStack,OS-KSADM-admin,/v2.0/users,GET,http://rackerlabs.github.io/wadl2swagger/openstack/swagger/OS-KSADM-admin.json
OpenStack,OS-KSADM-admin,/v2.0/users/{userId}/roles/OS-KSADM/{roleId},PUT,http://rackerlabs.github.io/wadl2swagger/openstack/swagger/OS-KSADM-admin.json
OpenStack,OS-KSADM-admin,/v2.0/users/{userId}/roles/OS-KSADM/{roleId},DELETE,http://rackerlabs.github.io/wadl2swagger/openstack/swagger/OS-KSADM-admin.json
OpenStack,OS-KSADM-admin,/v2.0/OS-KSADM/services,POST,http://rackerlabs.github.io/wadl2swagger/openstack/swagger/OS-KSADM-admin.json
OpenStack,OS-KSADM-admin,/v2.0/OS-KSADM/services,GET,http://rackerlabs.github.io/wadl2swagger/openstack/swagger/OS-KSADM-admin.json
OpenStack,OS-KSADM-admin,/v2.0/OS-KSADM/services/,GET,http://rackerlabs.github.io/wadl2swagger/openstack/swagger/OS-KSADM-admin.json
OpenStack,OS-KSADM-admin,/v2.0/OS-KSADM/roles,POST,http://rackerlabs.github.io/wadl2swagger/openstack/swagger/OS-KSADM-admin.json
OpenStack,OS-KSADM-admin,/v2.0/OS-KSADM/roles,GET,http://rackerlabs.github.io/wadl2swagger/openstack/swagger/OS-KSADM-admin.json
OpenStack,OS-KSADM-admin,/v2.0/tenants,POST,http://rackerlabs.github.io/wadl2swagger/openstack/swagger/OS-KSADM-admin.json
OpenStack,OS-KSADM-admin,/v2.0/OS-KSADM/roles/,GET,http://rackerlabs.github.io/wadl2swagger/openstack/swagger/OS-KSADM-admin.json
OpenStack,OS-KSADM-admin,/v2.0/OS-KSADM/services/{serviceId},DELETE,http://rackerlabs.github.io/wadl2swagger/openstack/swagger/OS-KSADM-admin.json
OpenStack,OS-KSADM-admin,/v2.0/OS-KSADM/services/{serviceId},GET,http://rackerlabs.github.io/wadl2swagger/openstack/swagger/OS-KSADM-admin.json
OpenStack,OS-KSADM-admin,/v2.0/users/{userId},PUT,http://rackerlabs.github.io/wadl2swagger/openstack/swagger/OS-KSADM-admin.json
OpenStack,OS-KSADM-admin,/v2.0/users/{userId},DELETE,http://rackerlabs.github.io/wadl2swagger/openstack/swagger/OS-KSADM-admin.json
OpenStack,OS-KSCATALOG-admin,/v2.0/OS-KSCATALOG/endpointTemplates/{endpointTemplateId},PUT,http://rackerlabs.github.io/wadl2swagger/openstack/swagger/OS-KSCATALOG-admin.json
OpenStack,OS-KSCATALOG-admin,/v2.0/OS-KSCATALOG/endpointTemplates/{endpointTemplateId},DELETE,http://rackerlabs.github.io/wadl2swagger/openstack/swagger/OS-KSCATALOG-admin.json
OpenStack,OS-KSCATALOG-admin,/v2.0/OS-KSCATALOG/endpointTemplates/{endpointTemplateId},GET,http://rackerlabs.github.io/wadl2swagger/openstack/swagger/OS-KSCATALOG-admin.json
OpenStack,OS-KSCATALOG-admin,/v2.0/tenants/{tenantId}/OS-KSCATALOG/endpoints/{endpointId},DELETE,http://rackerlabs.github.io/wadl2swagger/openstack/swagger/OS-KSCATALOG-admin.json
OpenStack,OS-KSCATALOG-admin,/v2.0/tenants/{tenantId}/OS-KSCATALOG/endpoints/{endpointId},GET,http://rackerlabs.github.io/wadl2swagger/openstack/swagger/OS-KSCATALOG-admin.json
OpenStack,OS-KSCATALOG-admin,/v2.0/tenants/{tenantId}/OS-KSCATALOG/endpoints,POST,http://rackerlabs.github.io/wadl2swagger/openstack/swagger/OS-KSCATALOG-admin.json
OpenStack,OS-KSCATALOG-admin,/v2.0/tenants/{tenantId}/OS-KSCATALOG/endpoints,GET,http://rackerlabs.github.io/wadl2swagger/openstack/swagger/OS-KSCATALOG-admin.json
OpenStack,OS-KSCATALOG-admin,/v2.0/OS-KSCATALOG/endpointTemplates,POST,http://rackerlabs.github.io/wadl2swagger/openstack/swagger/OS-KSCATALOG-admin.json
OpenStack,OS-KSCATALOG-admin,/v2.0/OS-KSCATALOG/endpointTemplates,GET,http://rackerlabs.github.io/wadl2swagger/openstack/swagger/OS-KSCATALOG-admin.json
OpenStack,OS-KSEC2-admin,/v2.0/users/{userId}/OS-KSADM/credentials/OS-KSEC2:ec2Credentials/{type},GET,http://rackerlabs.github.io/wadl2swagger/openstack/swagger/OS-KSEC2-admin.json
OpenStack,OS-KSEC2-admin,/v2.0/users/{userId}/OS-KSADM/credentials,POST,http://rackerlabs.github.io/wadl2swagger/openstack/swagger/OS-KSEC2-admin.json
OpenStack,OS-KSEC2-admin,/v2.0/users/{userId}/OS-KSADM/credentials,GET,http://rackerlabs.github.io/wadl2swagger/openstack/swagger/OS-KSEC2-admin.json
OpenStack,OS-KSEC2-admin,/v2.0/users/{userId}/OS-KSADM/credentials/OS-KSEC2:ec2Credentials,POST,http://rackerlabs.github.io/wadl2swagger/openstack/swagger/OS-KSEC2-admin.json
OpenStack,OS-KSEC2-admin,/v2.0/users/{userId}/OS-KSADM/credentials/OS-KSEC2:ec2Credentials,DELETE,http://rackerlabs.github.io/wadl2swagger/openstack/swagger/OS-KSEC2-admin.json
OpenStack,OS-KSEC2-admin,/v2.0/users/{userId}/OS-KSADM/credentials/OS-KSEC2:ec2Credentials,GET,http://rackerlabs.github.io/wadl2swagger/openstack/swagger/OS-KSEC2-admin.json
OpenStack,OS-KSS3-admin,/v2.0/users/{userId}/OS-OS-KSS3/credentials/s3credentials,POST,http://rackerlabs.github.io/wadl2swagger/openstack/swagger/OS-KSS3-admin.json
OpenStack,OS-KSS3-admin,/v2.0/users/{userId}/OS-OS-KSS3/credentials/s3credentials,DELETE,http://rackerlabs.github.io/wadl2swagger/openstack/swagger/OS-KSS3-admin.json
OpenStack,OS-KSS3-admin,/v2.0/users/{userId}/OS-OS-KSS3/credentials/s3credentials,GET,http://rackerlabs.github.io/wadl2swagger/openstack/swagger/OS-KSS3-admin.json
OpenStack,OS-KSS3-admin,/v2.0/users/{userId}/OS-OS-KSS3/credentials,POST,http://rackerlabs.github.io/wadl2swagger/openstack/swagger/OS-KSS3-admin.json
OpenStack,OS-KSS3-admin,/v2.0/users/{userId}/OS-OS-KSS3/credentials,GET,http://rackerlabs.github.io/wadl2swagger/openstack/swagger/OS-KSS3-admin.json
OpenStack,OS-KSS3-admin,/v2.0/users/{userId}/OS-OS-KSS3/credentials/s3credentials/{type},GET,http://rackerlabs.github.io/wadl2swagger/openstack/swagger/OS-KSS3-admin.json
OpenStack,OS-KSVALIDATE-admin,/v2.0/OS-KSVALIDATE/token/validate,HEAD,http://rackerlabs.github.io/wadl2swagger/openstack/swagger/OS-KSVALIDATE-admin.json
OpenStack,OS-KSVALIDATE-admin,/v2.0/OS-KSVALIDATE/token/validate,GET,http://rackerlabs.github.io/wadl2swagger/openstack/swagger/OS-KSVALIDATE-admin.json
OpenStack,OS-KSVALIDATE-admin,/v2.0/OS-KSVALIDATE/token/endpoints,GET,http://rackerlabs.github.io/wadl2swagger/openstack/swagger/OS-KSVALIDATE-admin.json
OpenStack,os-layer3-ext,/v2.0/routers/{router_id}/add_router_interface,PUT,http://rackerlabs.github.io/wadl2swagger/openstack/swagger/os-layer3-ext.json
OpenStack,os-layer3-ext,/v2.0/routers,POST,http://rackerlabs.github.io/wadl2swagger/openstack/swagger/os-layer3-ext.json
OpenStack,os-layer3-ext,/v2.0/routers,GET,http://rackerlabs.github.io/wadl2swagger/openstack/swagger/os-layer3-ext.json
OpenStack,os-layer3-ext,/v2.0/floatingips,POST,http://rackerlabs.github.io/wadl2swagger/openstack/swagger/os-layer3-ext.json
OpenStack,os-layer3-ext,/v2.0/floatingips,GET,http://rackerlabs.github.io/wadl2swagger/openstack/swagger/os-layer3-ext.json
OpenStack,os-layer3-ext,/v2.0/routers/{router_id}/remove_router_interface,PUT,http://rackerlabs.github.io/wadl2swagger/openstack/swagger/os-layer3-ext.json
OpenStack,os-layer3-ext,/v2.0/floatingips/{floatingip_id},PUT,http://rackerlabs.github.io/wadl2swagger/openstack/swagger/os-layer3-ext.json
OpenStack,os-layer3-ext,/v2.0/floatingips/{floatingip_id},DELETE,http://rackerlabs.github.io/wadl2swagger/openstack/swagger/os-layer3-ext.json
OpenStack,os-layer3-ext,/v2.0/floatingips/{floatingip_id},GET,http://rackerlabs.github.io/wadl2swagger/openstack/swagger/os-layer3-ext.json
OpenStack,os-layer3-ext,/v2.0/routers/{router_id},PUT,http://rackerlabs.github.io/wadl2swagger/openstack/swagger/os-layer3-ext.json
OpenStack,os-layer3-ext,/v2.0/routers/{router_id},DELETE,http://rackerlabs.github.io/wadl2swagger/openstack/swagger/os-layer3-ext.json
OpenStack,os-layer3-ext,/v2.0/routers/{router_id},GET,http://rackerlabs.github.io/wadl2swagger/openstack/swagger/os-layer3-ext.json
OpenStack,os-lbaasv1.0-ext,/v1.0/lb/pools,POST,http://rackerlabs.github.io/wadl2swagger/openstack/swagger/os-lbaasv1.0-ext.json
OpenStack,os-lbaasv1.0-ext,/v1.0/lb/pools,GET,http://rackerlabs.github.io/wadl2swagger/openstack/swagger/os-lbaasv1.0-ext.json
OpenStack,os-lbaasv1.0-ext,/v1.0/lb/vips/{vip_id},PUT,http://rackerlabs.github.io/wadl2swagger/openstack/swagger/os-lbaasv1.0-ext.json
OpenStack,os-lbaasv1.0-ext,/v1.0/lb/vips/{vip_id},DELETE,http://rackerlabs.github.io/wadl2swagger/openstack/swagger/os-lbaasv1.0-ext.json
OpenStack,os-lbaasv1.0-ext,/v1.0/lb/vips/{vip_id},GET,http://rackerlabs.github.io/wadl2swagger/openstack/swagger/os-lbaasv1.0-ext.json
OpenStack,os-lbaasv1.0-ext,/v1.0/lb/members,POST,http://rackerlabs.github.io/wadl2swagger/openstack/swagger/os-lbaasv1.0-ext.json
OpenStack,os-lbaasv1.0-ext,/v1.0/lb/members,GET,http://rackerlabs.github.io/wadl2swagger/openstack/swagger/os-lbaasv1.0-ext.json
OpenStack,os-lbaasv1.0-ext,/v1.0/lb/pools/{pool_id},PUT,http://rackerlabs.github.io/wadl2swagger/openstack/swagger/os-lbaasv1.0-ext.json
OpenStack,os-lbaasv1.0-ext,/v1.0/lb/pools/{pool_id},DELETE,http://rackerlabs.github.io/wadl2swagger/openstack/swagger/os-lbaasv1.0-ext.json
OpenStack,os-lbaasv1.0-ext,/v1.0/lb/pools/{pool_id},GET,http://rackerlabs.github.io/wadl2swagger/openstack/swagger/os-lbaasv1.0-ext.json
OpenStack,os-lbaasv1.0-ext,/v1.0/lb/vips,POST,http://rackerlabs.github.io/wadl2swagger/openstack/swagger/os-lbaasv1.0-ext.json
OpenStack,os-lbaasv1.0-ext,/v1.0/lb/vips,GET,http://rackerlabs.github.io/wadl2swagger/openstack/swagger/os-lbaasv1.0-ext.json
OpenStack,os-lbaasv1.0-ext,/v1.0/lb/healthmonitors/{health_monitor_id},PUT,http://rackerlabs.github.io/wadl2swagger/openstack/swagger/os-lbaasv1.0-ext.json
OpenStack,os-lbaasv1.0-ext,/v1.0/lb/healthmonitors/{health_monitor_id},DELETE,http://rackerlabs.github.io/wadl2swagger/openstack/swagger/os-lbaasv1.0-ext.json
OpenStack,os-lbaasv1.0-ext,/v1.0/lb/healthmonitors/{health_monitor_id},GET,http://rackerlabs.github.io/wadl2swagger/openstack/swagger/os-lbaasv1.0-ext.json
OpenStack,os-lbaasv1.0-ext,/v1.0/lb/healthmonitors,POST,http://rackerlabs.github.io/wadl2swagger/openstack/swagger/os-lbaasv1.0-ext.json
OpenStack,os-lbaasv1.0-ext,/v1.0/lb/healthmonitors,GET,http://rackerlabs.github.io/wadl2swagger/openstack/swagger/os-lbaasv1.0-ext.json
OpenStack,os-lbaasv1.0-ext,/v1.0/lb/pools/{pool_id}/health_monitors,POST,http://rackerlabs.github.io/wadl2swagger/openstack/swagger/os-lbaasv1.0-ext.json
OpenStack,os-lbaasv1.0-ext,/v1.0/lb/pools/{pool_id}/health_monitors/{health_monitor_id},DELETE,http://rackerlabs.github.io/wadl2swagger/openstack/swagger/os-lbaasv1.0-ext.json
OpenStack,os-lbaasv1.0-ext,/v1.0/lb/members/{member_id},PUT,http://rackerlabs.github.io/wadl2swagger/openstack/swagger/os-lbaasv1.0-ext.json
OpenStack,os-lbaasv1.0-ext,/v1.0/lb/members/{member_id},DELETE,http://rackerlabs.github.io/wadl2swagger/openstack/swagger/os-lbaasv1.0-ext.json
OpenStack,os-lbaasv1.0-ext,/v1.0/lb/members/{member_id},GET,http://rackerlabs.github.io/wadl2swagger/openstack/swagger/os-lbaasv1.0-ext.json
OpenStack,os-limits-v2.1,/v2.1/limits,GET,http://rackerlabs.github.io/wadl2swagger/openstack/swagger/os-limits-v2.1.json
OpenStack,os-limits,/v2/{tenant_id}/limits,GET,http://rackerlabs.github.io/wadl2swagger/openstack/swagger/os-limits.json
OpenStack,os-migrations-v2.1,/v2.1/os-migrations,GET,http://rackerlabs.github.io/wadl2swagger/openstack/swagger/os-migrations-v2.1.json
OpenStack,os-migrations,/v2/{tenant_id}/os-migrations,GET,http://rackerlabs.github.io/wadl2swagger/openstack/swagger/os-migrations.json
OpenStack,os-multi-server-create,/v2/{tenant_id}/servers,POST,http://rackerlabs.github.io/wadl2swagger/openstack/swagger/os-multi-server-create.json
OpenStack,os-multinic-v2.1,/v2.1/servers,POST,http://rackerlabs.github.io/wadl2swagger/openstack/swagger/os-multinic-v2.1.json
OpenStack,os-multinic-v2.1,/v2.1/servers/action,POST,http://rackerlabs.github.io/wadl2swagger/openstack/swagger/os-multinic-v2.1.json
OpenStack,os-networks-multi-provider-ext,/v2.0/networks/{network_id},GET,http://rackerlabs.github.io/wadl2swagger/openstack/swagger/os-networks-multi-provider-ext.json
OpenStack,os-networks-multi-provider-ext,/v2.0/networks,POST,http://rackerlabs.github.io/wadl2swagger/openstack/swagger/os-networks-multi-provider-ext.json
OpenStack,os-networks-multi-provider-ext,/v2.0/networks,GET,http://rackerlabs.github.io/wadl2swagger/openstack/swagger/os-networks-multi-provider-ext.json
OpenStack,os-networks-provider-ext,/v2.0/networks/{network_id},PUT,http://rackerlabs.github.io/wadl2swagger/openstack/swagger/os-networks-provider-ext.json
OpenStack,os-networks-provider-ext,/v2.0/networks/{network_id},DELETE,http://rackerlabs.github.io/wadl2swagger/openstack/swagger/os-networks-provider-ext.json
OpenStack,os-networks-provider-ext,/v2.0/networks/{network_id},GET,http://rackerlabs.github.io/wadl2swagger/openstack/swagger/os-networks-provider-ext.json
OpenStack,os-networks-provider-ext,/v2.0/networks,POST,http://rackerlabs.github.io/wadl2swagger/openstack/swagger/os-networks-provider-ext.json
OpenStack,os-networks-provider-ext,/v2.0/networks,GET,http://rackerlabs.github.io/wadl2swagger/openstack/swagger/os-networks-provider-ext.json
OpenStack,os-networks,/v2.0,GET,http://rackerlabs.github.io/wadl2swagger/openstack/swagger/os-networks.json
OpenStack,os-networks,/v2.0/networks/{network_id},PUT,http://rackerlabs.github.io/wadl2swagger/openstack/swagger/os-networks.json
OpenStack,os-networks,/v2.0/networks/{network_id},DELETE,http://rackerlabs.github.io/wadl2swagger/openstack/swagger/os-networks.json
OpenStack,os-networks,/v2.0/networks/{network_id},GET,http://rackerlabs.github.io/wadl2swagger/openstack/swagger/os-networks.json
OpenStack,os-networks,/v2.0/extensions/{alias},GET,http://rackerlabs.github.io/wadl2swagger/openstack/swagger/os-networks.json
OpenStack,os-networks,/v2.0/extensions,GET,http://rackerlabs.github.io/wadl2swagger/openstack/swagger/os-networks.json
OpenStack,os-networks,/,GET,http://rackerlabs.github.io/wadl2swagger/openstack/swagger/os-networks.json
OpenStack,os-networks,/v2.0/networks,POST,http://rackerlabs.github.io/wadl2swagger/openstack/swagger/os-networks.json
OpenStack,os-networks,/v2.0/networks,GET,http://rackerlabs.github.io/wadl2swagger/openstack/swagger/os-networks.json
OpenStack,OS-OAUTH1-v3,/v3/OS-OAUTH1/users/{user_id}/access_tokens/{access_token_id}/roles,GET,http://rackerlabs.github.io/wadl2swagger/openstack/swagger/OS-OAUTH1-v3.json
OpenStack,OS-OAUTH1-v3,/v3/OS-OAUTH1/users/{user_id}/access_tokens/{access_token_id}/roles/{role_id},GET,http://rackerlabs.github.io/wadl2swagger/openstack/swagger/OS-OAUTH1-v3.json
OpenStack,OS-OAUTH1-v3,/v3/OS-OAUTH1/consumers,POST,http://rackerlabs.github.io/wadl2swagger/openstack/swagger/OS-OAUTH1-v3.json
OpenStack,OS-OAUTH1-v3,/v3/OS-OAUTH1/consumers,GET,http://rackerlabs.github.io/wadl2swagger/openstack/swagger/OS-OAUTH1-v3.json
OpenStack,OS-OAUTH1-v3,/v3/OS-OAUTH1/users/{user_id}/access_tokens/{access_token_id},DELETE,http://rackerlabs.github.io/wadl2swagger/openstack/swagger/OS-OAUTH1-v3.json
OpenStack,OS-OAUTH1-v3,/v3/OS-OAUTH1/users/{user_id}/access_tokens/{access_token_id},GET,http://rackerlabs.github.io/wadl2swagger/openstack/swagger/OS-OAUTH1-v3.json
OpenStack,OS-OAUTH1-v3,/v3/OS-OAUTH1/access_token,POST,http://rackerlabs.github.io/wadl2swagger/openstack/swagger/OS-OAUTH1-v3.json
OpenStack,OS-OAUTH1-v3,/v3/OS-OAUTH1/consumers/{consumer_id},DELETE,http://rackerlabs.github.io/wadl2swagger/openstack/swagger/OS-OAUTH1-v3.json
OpenStack,OS-OAUTH1-v3,/v3/OS-OAUTH1/consumers/{consumer_id},PATCH,http://rackerlabs.github.io/wadl2swagger/openstack/swagger/OS-OAUTH1-v3.json
OpenStack,OS-OAUTH1-v3,/v3/OS-OAUTH1/consumers/{consumer_id},GET,http://rackerlabs.github.io/wadl2swagger/openstack/swagger/OS-OAUTH1-v3.json
OpenStack,OS-OAUTH1-v3,/v3/auth/tokens,POST,http://rackerlabs.github.io/wadl2swagger/openstack/swagger/OS-OAUTH1-v3.json
OpenStack,OS-OAUTH1-v3,/v3/OS-OAUTH1/users/{user_id}/access_tokens,GET,http://rackerlabs.github.io/wadl2swagger/openstack/swagger/OS-OAUTH1-v3.json
OpenStack,os-ports-binding-ext,/v2.0/ports,POST,http://rackerlabs.github.io/wadl2swagger/openstack/swagger/os-ports-binding-ext.json
OpenStack,os-ports-binding-ext,/v2.0/ports,GET,http://rackerlabs.github.io/wadl2swagger/openstack/swagger/os-ports-binding-ext.json
OpenStack,os-ports-binding-ext,/v2.0/ports/{port_id},PUT,http://rackerlabs.github.io/wadl2swagger/openstack/swagger/os-ports-binding-ext.json
OpenStack,os-ports-binding-ext,/v2.0/ports/{port_id},GET,http://rackerlabs.github.io/wadl2swagger/openstack/swagger/os-ports-binding-ext.json
OpenStack,os-ports,/v2.0/ports,POST,http://rackerlabs.github.io/wadl2swagger/openstack/swagger/os-ports.json
OpenStack,os-ports,/v2.0/ports,GET,http://rackerlabs.github.io/wadl2swagger/openstack/swagger/os-ports.json
OpenStack,os-ports,/v2.0/ports/{port_id},PUT,http://rackerlabs.github.io/wadl2swagger/openstack/swagger/os-ports.json
OpenStack,os-ports,/v2.0/ports/{port_id},DELETE,http://rackerlabs.github.io/wadl2swagger/openstack/swagger/os-ports.json
OpenStack,os-ports,/v2.0/ports/{port_id},GET,http://rackerlabs.github.io/wadl2swagger/openstack/swagger/os-ports.json
OpenStack,os-qos-v2,/v2/{tenant_id}/qos-specs/{qos_id}/disassociate_all,GET,http://rackerlabs.github.io/wadl2swagger/openstack/swagger/os-qos-v2.json
OpenStack,os-qos-v2,/v2/{tenant_id}/qos-specs/{qos_id}/associate,GET,http://rackerlabs.github.io/wadl2swagger/openstack/swagger/os-qos-v2.json
OpenStack,os-qos-v2,/v2/{tenant_id}/qos-specs,POST,http://rackerlabs.github.io/wadl2swagger/openstack/swagger/os-qos-v2.json
OpenStack,os-qos-v2,/v2/{tenant_id}/qos-specs,GET,http://rackerlabs.github.io/wadl2swagger/openstack/swagger/os-qos-v2.json
OpenStack,os-qos-v2,/v2/{tenant_id}/qos-specs/{qos_id},DELETE,http://rackerlabs.github.io/wadl2swagger/openstack/swagger/os-qos-v2.json
OpenStack,os-qos-v2,/v2/{tenant_id}/qos-specs/{qos_id},GET,http://rackerlabs.github.io/wadl2swagger/openstack/swagger/os-qos-v2.json
OpenStack,os-qos-v2,/v2/{tenant_id}/qos-specs/{qos_id}/associations,GET,http://rackerlabs.github.io/wadl2swagger/openstack/swagger/os-qos-v2.json
OpenStack,os-qos-v2,/v2/{tenant_id}/qos-specs/{qos_id}/disassociate,GET,http://rackerlabs.github.io/wadl2swagger/openstack/swagger/os-qos-v2.json
OpenStack,os-quota-class-sets-v2.1,/v2.1/os-quota-class-sets/{class_id},PUT,http://rackerlabs.github.io/wadl2swagger/openstack/swagger/os-quota-class-sets-v2.1.json
OpenStack,os-quota-class-sets-v2.1,/v2.1/os-quota-class-sets/{class_id},GET,http://rackerlabs.github.io/wadl2swagger/openstack/swagger/os-quota-class-sets-v2.1.json
OpenStack,os-quota-class-sets,/v2/os-quota-class-sets/{class_id},PUT,http://rackerlabs.github.io/wadl2swagger/openstack/swagger/os-quota-class-sets.json
OpenStack,os-quota-class-sets,/v2/os-quota-class-sets/{class_id},GET,http://rackerlabs.github.io/wadl2swagger/openstack/swagger/os-quota-class-sets.json
OpenStack,os-quota-sets-v2.1,/v2.1/os-quota-sets/{tenant_id},PUT,http://rackerlabs.github.io/wadl2swagger/openstack/swagger/os-quota-sets-v2.1.json
OpenStack,os-quota-sets-v2.1,/v2.1/os-quota-sets/{tenant_id},GET,http://rackerlabs.github.io/wadl2swagger/openstack/swagger/os-quota-sets-v2.1.json
OpenStack,os-quota-sets-v2.1,/v2.1/os-quota-sets/{tenant_id},DELETE,http://rackerlabs.github.io/wadl2swagger/openstack/swagger/os-quota-sets-v2.1.json
OpenStack,os-quota-sets-v2.1,/v2.1/os-quota-sets/{tenant_id}/defaults,GET,http://rackerlabs.github.io/wadl2swagger/openstack/swagger/os-quota-sets-v2.1.json
OpenStack,os-quota-sets-v2.1,/v2.1/os-quota-sets/{tenant_id}/,PUT,http://rackerlabs.github.io/wadl2swagger/openstack/swagger/os-quota-sets-v2.1.json
OpenStack,os-quota-sets-v2.1,/v2.1/os-quota-sets/{tenant_id}/,DELETE,http://rackerlabs.github.io/wadl2swagger/openstack/swagger/os-quota-sets-v2.1.json
OpenStack,os-quota-sets,/v2/{tenant_id}/os-quota-sets/{tenant_id}/detail/{user_id},GET,http://rackerlabs.github.io/wadl2swagger/openstack/swagger/os-quota-sets.json
OpenStack,os-quota-sets,/v2/{tenant_id}/os-quota-sets/{tenant_id}/{user_id},POST,http://rackerlabs.github.io/wadl2swagger/openstack/swagger/os-quota-sets.json
OpenStack,os-quota-sets,/v2/{tenant_id}/os-quota-sets/{tenant_id}/{user_id},DELETE,http://rackerlabs.github.io/wadl2swagger/openstack/swagger/os-quota-sets.json
OpenStack,os-quota-sets,/v2/{tenant_id}/os-quota-sets/{tenant_id}/{user_id},GET,http://rackerlabs.github.io/wadl2swagger/openstack/swagger/os-quota-sets.json
OpenStack,os-quota-sets,/v2/{tenant_id}/os-quota-sets/defaults,GET,http://rackerlabs.github.io/wadl2swagger/openstack/swagger/os-quota-sets.json
OpenStack,os-quota-sets,/v2/{tenant_id}/os-quota-sets/{tenant_id},PUT,http://rackerlabs.github.io/wadl2swagger/openstack/swagger/os-quota-sets.json
OpenStack,os-quota-sets,/v2/{tenant_id}/os-quota-sets/{tenant_id},DELETE,http://rackerlabs.github.io/wadl2swagger/openstack/swagger/os-quota-sets.json
OpenStack,os-quota-sets,/v2/{tenant_id}/os-quota-sets/{tenant_id},GET,http://rackerlabs.github.io/wadl2swagger/openstack/swagger/os-quota-sets.json
OpenStack,os-quotas,/v2.0/quotas,PUT,http://rackerlabs.github.io/wadl2swagger/openstack/swagger/os-quotas.json
OpenStack,os-quotas,/v2.0/quotas,DELETE,http://rackerlabs.github.io/wadl2swagger/openstack/swagger/os-quotas.json
OpenStack,os-quotas,/v2.0/quotas,GET,http://rackerlabs.github.io/wadl2swagger/openstack/swagger/os-quotas.json
OpenStack,os-remote-consoles-v2.1,/v2.1/servers/{server_id}/actions,POST,http://rackerlabs.github.io/wadl2swagger/openstack/swagger/os-remote-consoles-v2.1.json
OpenStack,os-rescue,/v2/{tenant_id}/servers/{server_id}/action,POST,http://rackerlabs.github.io/wadl2swagger/openstack/swagger/os-rescue.json
OpenStack,os-scheduler-hints,/v2/{tenant_id}/servers,POST,http://rackerlabs.github.io/wadl2swagger/openstack/swagger/os-scheduler-hints.json
OpenStack,os-security-group-default-rules,/v2/{tenant_id}/os-security-group-default-rules/{security_group_default_rule_id},DELETE,http://rackerlabs.github.io/wadl2swagger/openstack/swagger/os-security-group-default-rules.json
OpenStack,os-security-group-default-rules,/v2/{tenant_id}/os-security-group-default-rules/{security_group_default_rule_id},GET,http://rackerlabs.github.io/wadl2swagger/openstack/swagger/os-security-group-default-rules.json
OpenStack,os-security-group-default-rules,/v2/{tenant_id}/os-security-group-default-rules,POST,http://rackerlabs.github.io/wadl2swagger/openstack/swagger/os-security-group-default-rules.json
OpenStack,os-security-group-default-rules,/v2/{tenant_id}/os-security-group-default-rules,GET,http://rackerlabs.github.io/wadl2swagger/openstack/swagger/os-security-group-default-rules.json
OpenStack,os-security-groups,/v2/{tenant_id}/os-security-groups/servers/{server_id}/os-security-groups,GET,http://rackerlabs.github.io/wadl2swagger/openstack/swagger/os-security-groups.json
OpenStack,os-security-groups,/v2/{tenant_id}/os-security-groups,POST,http://rackerlabs.github.io/wadl2swagger/openstack/swagger/os-security-groups.json
OpenStack,os-security-groups,/v2/{tenant_id}/os-security-groups,GET,http://rackerlabs.github.io/wadl2swagger/openstack/swagger/os-security-groups.json
OpenStack,os-security-groups,/v2/{tenant_id}/os-security-groups/{security_group_id},DELETE,http://rackerlabs.github.io/wadl2swagger/openstack/swagger/os-security-groups.json
OpenStack,os-security-groups,/v2/{tenant_id}/os-security-groups/{security_group_id},GET,http://rackerlabs.github.io/wadl2swagger/openstack/swagger/os-security-groups.json
OpenStack,os-server-groups,/v2/{tenant_id}/os-server-groups,POST,http://rackerlabs.github.io/wadl2swagger/openstack/swagger/os-server-groups.json
OpenStack,os-server-groups,/v2/{tenant_id}/os-server-groups,GET,http://rackerlabs.github.io/wadl2swagger/openstack/swagger/os-server-groups.json
OpenStack,os-server-groups,/v2/{tenant_id}/os-server-groups/{ServerGroup_id},DELETE,http://rackerlabs.github.io/wadl2swagger/openstack/swagger/os-server-groups.json
OpenStack,os-server-groups,/v2/{tenant_id}/os-server-groups/{ServerGroup_id},GET,http://rackerlabs.github.io/wadl2swagger/openstack/swagger/os-server-groups.json
OpenStack,os-server-OS-EXT-IPS-MAC,/v2/{tenant_id}/servers/{server_id},GET,http://rackerlabs.github.io/wadl2swagger/openstack/swagger/os-server-OS-EXT-IPS-MAC.json
OpenStack,os-server-OS-EXT-IPS-MAC,/v2/{tenant_id}/servers,POST,http://rackerlabs.github.io/wadl2swagger/openstack/swagger/os-server-OS-EXT-IPS-MAC.json
OpenStack,os-server-OS-EXT-IPS-MAC,/v2/{tenant_id}/servers/detail,GET,http://rackerlabs.github.io/wadl2swagger/openstack/swagger/os-server-OS-EXT-IPS-MAC.json
OpenStack,os-server-password,/v2/servers/{server_id}/os-server-password,DELETE,http://rackerlabs.github.io/wadl2swagger/openstack/swagger/os-server-password.json
OpenStack,os-server-password,/v2/servers/{server_id}/os-server-password,GET,http://rackerlabs.github.io/wadl2swagger/openstack/swagger/os-server-password.json
OpenStack,os-server-shelve,/v2/{tenant_id}/servers/{server_id}/action,POST,http://rackerlabs.github.io/wadl2swagger/openstack/swagger/os-server-shelve.json
OpenStack,os-server-start-stop,/v2/{tenant_id}/servers/{server_id}/action,POST,http://rackerlabs.github.io/wadl2swagger/openstack/swagger/os-server-start-stop.json
OpenStack,os-server-usage-v2.1,/v2.1/servers/{server_id},GET,http://rackerlabs.github.io/wadl2swagger/openstack/swagger/os-server-usage-v2.1.json
OpenStack,os-server-usage-v2.1,/v2.1/servers/detail,GET,http://rackerlabs.github.io/wadl2swagger/openstack/swagger/os-server-usage-v2.1.json
OpenStack,os-services,/v2/{tenant_id}/os-services,GET,http://rackerlabs.github.io/wadl2swagger/openstack/swagger/os-services.json
OpenStack,os-services,/v2/{tenant_id}/os-services/detail,GET,http://rackerlabs.github.io/wadl2swagger/openstack/swagger/os-services.json
OpenStack,os-services,/v2/{tenant_id}/os-services/disable,PUT,http://rackerlabs.github.io/wadl2swagger/openstack/swagger/os-services.json
OpenStack,os-services,/v2/{tenant_id}/os-services/disable-log-reason,PUT,http://rackerlabs.github.io/wadl2swagger/openstack/swagger/os-services.json
OpenStack,os-services,/v2/{tenant_id}/os-services/enable,PUT,http://rackerlabs.github.io/wadl2swagger/openstack/swagger/os-services.json
OpenStack,os-simple-tenant-usage-v2.1,/v2.1/os-simple-tenant-usage/{tenant_id},GET,http://rackerlabs.github.io/wadl2swagger/openstack/swagger/os-simple-tenant-usage-v2.1.json
OpenStack,os-simple-tenant-usage-v2.1,/v2.1/os-simple-tenant-usage,GET,http://rackerlabs.github.io/wadl2swagger/openstack/swagger/os-simple-tenant-usage-v2.1.json
OpenStack,os-simple-tenant-usage,/v2/{tenant_id}/os-simple-tenant-usage,GET,http://rackerlabs.github.io/wadl2swagger/openstack/swagger/os-simple-tenant-usage.json
OpenStack,os-simple-tenant-usage,/v2/{tenant_id}/os-simple-tenant-usage/{tenant_id},GET,http://rackerlabs.github.io/wadl2swagger/openstack/swagger/os-simple-tenant-usage.json
OpenStack,os-subnets,/v2.0/subnets,POST,http://rackerlabs.github.io/wadl2swagger/openstack/swagger/os-subnets.json
OpenStack,os-subnets,/v2.0/subnets,GET,http://rackerlabs.github.io/wadl2swagger/openstack/swagger/os-subnets.json
OpenStack,os-subnets,/v2.0/subnets/{subnet_id},PUT,http://rackerlabs.github.io/wadl2swagger/openstack/swagger/os-subnets.json
OpenStack,os-subnets,/v2.0/subnets/{subnet_id},DELETE,http://rackerlabs.github.io/wadl2swagger/openstack/swagger/os-subnets.json
OpenStack,os-subnets,/v2.0/subnets/{subnet_id},GET,http://rackerlabs.github.io/wadl2swagger/openstack/swagger/os-subnets.json
OpenStack,os-telemetry-api-2.0,/v2/alarms/{alarm_id},PUT,http://rackerlabs.github.io/wadl2swagger/openstack/swagger/os-telemetry-api-2.0.json
OpenStack,os-telemetry-api-2.0,/v2/alarms/{alarm_id},DELETE,http://rackerlabs.github.io/wadl2swagger/openstack/swagger/os-telemetry-api-2.0.json
OpenStack,os-telemetry-api-2.0,/v2/alarms/{alarm_id},GET,http://rackerlabs.github.io/wadl2swagger/openstack/swagger/os-telemetry-api-2.0.json
OpenStack,os-telemetry-api-2.0,/v2/alarms/{alarm_id}/history,GET,http://rackerlabs.github.io/wadl2swagger/openstack/swagger/os-telemetry-api-2.0.json
OpenStack,os-telemetry-api-2.0,/v2/alarms/{alarm_id}/state,PUT,http://rackerlabs.github.io/wadl2swagger/openstack/swagger/os-telemetry-api-2.0.json
OpenStack,os-telemetry-api-2.0,/v2/alarms/{alarm_id}/state,GET,http://rackerlabs.github.io/wadl2swagger/openstack/swagger/os-telemetry-api-2.0.json
OpenStack,os-telemetry-api-2.0,/v2/alarms,POST,http://rackerlabs.github.io/wadl2swagger/openstack/swagger/os-telemetry-api-2.0.json
OpenStack,os-telemetry-api-2.0,/v2/alarms,GET,http://rackerlabs.github.io/wadl2swagger/openstack/swagger/os-telemetry-api-2.0.json
OpenStack,os-telemetry-api-2.0,/v2/meters/{meter_name}/statistics,GET,http://rackerlabs.github.io/wadl2swagger/openstack/swagger/os-telemetry-api-2.0.json
OpenStack,os-telemetry-api-2.0,/v2/resources,GET,http://rackerlabs.github.io/wadl2swagger/openstack/swagger/os-telemetry-api-2.0.json
OpenStack,os-telemetry-api-2.0,/v2/resources/{resource_id},GET,http://rackerlabs.github.io/wadl2swagger/openstack/swagger/os-telemetry-api-2.0.json
OpenStack,os-telemetry-api-2.0,/v2/meters,GET,http://rackerlabs.github.io/wadl2swagger/openstack/swagger/os-telemetry-api-2.0.json
OpenStack,os-telemetry-api-2.0,/v2/meters/{meter_name},POST,http://rackerlabs.github.io/wadl2swagger/openstack/swagger/os-telemetry-api-2.0.json
OpenStack,os-telemetry-api-2.0,/v2/meters/{meter_name},GET,http://rackerlabs.github.io/wadl2swagger/openstack/swagger/os-telemetry-api-2.0.json
OpenStack,os-used-limits-for-admins,/v2/{tenant_id}/limits/{tenant_id},GET,http://rackerlabs.github.io/wadl2swagger/openstack/swagger/os-used-limits-for-admins.json
OpenStack,os-used-limits,/v2/{tenant_id}/limits,GET,http://rackerlabs.github.io/wadl2swagger/openstack/swagger/os-used-limits.json
OpenStack,os-versions-v2.1,/v2.1,GET,http://rackerlabs.github.io/wadl2swagger/openstack/swagger/os-versions-v2.1.json
OpenStack,os-versions-v2.1,/,GET,http://rackerlabs.github.io/wadl2swagger/openstack/swagger/os-versions-v2.1.json
OpenStack,os-virtual-interfaces,/v2/{tenant_id}/servers/{server_id}/os-virtual-interfaces,GET,http://rackerlabs.github.io/wadl2swagger/openstack/swagger/os-virtual-interfaces.json
OpenStack,os-volume-manage,/v2/{tenant_id}/os-volume-manage,POST,http://rackerlabs.github.io/wadl2swagger/openstack/swagger/os-volume-manage.json
OpenStack,os-volume,/v1.1/{tenant_id}/os-snapshots/detail,GET,http://rackerlabs.github.io/wadl2swagger/openstack/swagger/os-volume.json
OpenStack,os-volume,/v1.1/{tenant_id}/os-volumes/{volume_id},POST,http://rackerlabs.github.io/wadl2swagger/openstack/swagger/os-volume.json
OpenStack,os-volume,/v1.1/{tenant_id}/os-volumes/{volume_id},DELETE,http://rackerlabs.github.io/wadl2swagger/openstack/swagger/os-volume.json
OpenStack,os-volume,/v1.1/{tenant_id}/os-volumes/{volume_id},GET,http://rackerlabs.github.io/wadl2swagger/openstack/swagger/os-volume.json
OpenStack,os-volume,/v1.1/{tenant_id}/os-volumes,GET,http://rackerlabs.github.io/wadl2swagger/openstack/swagger/os-volume.json
OpenStack,os-volume,/v1.1/{tenant_id}/os-snapshots/{snapshot_id},DELETE,http://rackerlabs.github.io/wadl2swagger/openstack/swagger/os-volume.json
OpenStack,os-volume,/v1.1/{tenant_id}/os-snapshots/{snapshot_id},GET,http://rackerlabs.github.io/wadl2swagger/openstack/swagger/os-volume.json
OpenStack,os-volume,/v1.1/{tenant_id}/os-volume-types/{volume_type_id},GET,http://rackerlabs.github.io/wadl2swagger/openstack/swagger/os-volume.json
OpenStack,os-volume,/v1.1/{tenant_id}/os-volume-types,GET,http://rackerlabs.github.io/wadl2swagger/openstack/swagger/os-volume.json
OpenStack,os-volume,/v1.1/{tenant_id}/os-snapshots,POST,http://rackerlabs.github.io/wadl2swagger/openstack/swagger/os-volume.json
OpenStack,os-volume,/v1.1/{tenant_id}/os-snapshots,GET,http://rackerlabs.github.io/wadl2swagger/openstack/swagger/os-volume.json
OpenStack,os-volume,/v1.1/{tenant_id}/os-volumes/detail,GET,http://rackerlabs.github.io/wadl2swagger/openstack/swagger/os-volume.json
OpenStack,os-volume_attachments,/v2/{tenant_id}/servers/{server_id}/os-volume_attachments,POST,http://rackerlabs.github.io/wadl2swagger/openstack/swagger/os-volume_attachments.json
OpenStack,os-volume_attachments,/v2/{tenant_id}/servers/{server_id}/os-volume_attachments,GET,http://rackerlabs.github.io/wadl2swagger/openstack/swagger/os-volume_attachments.json
OpenStack,os-volume_attachments,/v2/{tenant_id}/servers/{server_id}/os-volume_attachments/{attachment_id},DELETE,http://rackerlabs.github.io/wadl2swagger/openstack/swagger/os-volume_attachments.json
OpenStack,os-volume_attachments,/v2/{tenant_id}/servers/{server_id}/os-volume_attachments/{attachment_id},GET,http://rackerlabs.github.io/wadl2swagger/openstack/swagger/os-volume_attachments.json
OpenStack,security-groups,/v2.0/security-group-rules,POST,http://rackerlabs.github.io/wadl2swagger/openstack/swagger/security-groups.json
OpenStack,security-groups,/v2.0/security-group-rules,GET,http://rackerlabs.github.io/wadl2swagger/openstack/swagger/security-groups.json
OpenStack,security-groups,/v2.0/security-groups/{security_group_id},DELETE,http://rackerlabs.github.io/wadl2swagger/openstack/swagger/security-groups.json
OpenStack,security-groups,/v2.0/security-groups/{security_group_id},GET,http://rackerlabs.github.io/wadl2swagger/openstack/swagger/security-groups.json
OpenStack,security-groups,/v2.0/security-group-rules/{rules-security-groups-id},DELETE,http://rackerlabs.github.io/wadl2swagger/openstack/swagger/security-groups.json
OpenStack,security-groups,/v2.0/security-group-rules/{rules-security-groups-id},GET,http://rackerlabs.github.io/wadl2swagger/openstack/swagger/security-groups.json
OpenStack,security-groups,/v2.0/security-groups,POST,http://rackerlabs.github.io/wadl2swagger/openstack/swagger/security-groups.json
OpenStack,security-groups,/v2.0/security-groups,GET,http://rackerlabs.github.io/wadl2swagger/openstack/swagger/security-groups.json
OpenStack,volume-api-v1,/v1/{tenant_id}/snapshots,POST,http://rackerlabs.github.io/wadl2swagger/openstack/swagger/volume-api-v1.json
OpenStack,volume-api-v1,/v1/{tenant_id}/snapshots,GET,http://rackerlabs.github.io/wadl2swagger/openstack/swagger/volume-api-v1.json
OpenStack,volume-api-v1,/v1,GET,http://rackerlabs.github.io/wadl2swagger/openstack/swagger/volume-api-v1.json
OpenStack,volume-api-v1,/v1/{tenant_id}/volumes/detail,GET,http://rackerlabs.github.io/wadl2swagger/openstack/swagger/volume-api-v1.json
OpenStack,volume-api-v1,/v1/{tenant_id}/volumes,POST,http://rackerlabs.github.io/wadl2swagger/openstack/swagger/volume-api-v1.json
OpenStack,volume-api-v1,/v1/{tenant_id}/volumes,GET,http://rackerlabs.github.io/wadl2swagger/openstack/swagger/volume-api-v1.json
OpenStack,volume-api-v1,/,GET,http://rackerlabs.github.io/wadl2swagger/openstack/swagger/volume-api-v1.json
OpenStack,volume-api-v1,/v1/{tenant_id}/types/{volume_type_id},PUT,http://rackerlabs.github.io/wadl2swagger/openstack/swagger/volume-api-v1.json
OpenStack,volume-api-v1,/v1/{tenant_id}/types/{volume_type_id},DELETE,http://rackerlabs.github.io/wadl2swagger/openstack/swagger/volume-api-v1.json
OpenStack,volume-api-v1,/v1/{tenant_id}/types/{volume_type_id},GET,http://rackerlabs.github.io/wadl2swagger/openstack/swagger/volume-api-v1.json
OpenStack,volume-api-v1,/v1/{tenant_id}/types,POST,http://rackerlabs.github.io/wadl2swagger/openstack/swagger/volume-api-v1.json
OpenStack,volume-api-v1,/v1/{tenant_id}/types,GET,http://rackerlabs.github.io/wadl2swagger/openstack/swagger/volume-api-v1.json
OpenStack,volume-api-v1,/v1/{tenant_id}/snapshots/{snapshot_id},DELETE,http://rackerlabs.github.io/wadl2swagger/openstack/swagger/volume-api-v1.json
OpenStack,volume-api-v1,/v1/{tenant_id}/snapshots/{snapshot_id},GET,http://rackerlabs.github.io/wadl2swagger/openstack/swagger/volume-api-v1.json
OpenStack,volume-api-v1,/v1/{tenant_id}/volumes/{volume_id},DELETE,http://rackerlabs.github.io/wadl2swagger/openstack/swagger/volume-api-v1.json
OpenStack,volume-api-v1,/v1/{tenant_id}/volumes/{volume_id},GET,http://rackerlabs.github.io/wadl2swagger/openstack/swagger/volume-api-v1.json
OpenStack,volume-api-v1,/v1/{tenant_id}/snapshots/detail,GET,http://rackerlabs.github.io/wadl2swagger/openstack/swagger/volume-api-v1.json
OpenStack,volume-api-v1,/v1/{tenant_id}/snapshots/{snapshot_id}/metadata,PUT,http://rackerlabs.github.io/wadl2swagger/openstack/swagger/volume-api-v1.json
OpenStack,volume-api-v1,/v1/{tenant_id}/snapshots/{snapshot_id}/metadata,GET,http://rackerlabs.github.io/wadl2swagger/openstack/swagger/volume-api-v1.json
OpenStack,volume-api-v2,/v2,GET,http://rackerlabs.github.io/wadl2swagger/openstack/swagger/volume-api-v2.json
OpenStack,volume-api-v2,/v2/{tenant_id}/snapshots/{snapshot_id},PUT,http://rackerlabs.github.io/wadl2swagger/openstack/swagger/volume-api-v2.json
OpenStack,volume-api-v2,/v2/{tenant_id}/snapshots/{snapshot_id},DELETE,http://rackerlabs.github.io/wadl2swagger/openstack/swagger/volume-api-v2.json
OpenStack,volume-api-v2,/v2/{tenant_id}/snapshots/{snapshot_id},GET,http://rackerlabs.github.io/wadl2swagger/openstack/swagger/volume-api-v2.json
OpenStack,volume-api-v2,/v2/{tenant_id}/types/{volume_type_id},PUT,http://rackerlabs.github.io/wadl2swagger/openstack/swagger/volume-api-v2.json
OpenStack,volume-api-v2,/v2/{tenant_id}/types/{volume_type_id},DELETE,http://rackerlabs.github.io/wadl2swagger/openstack/swagger/volume-api-v2.json
OpenStack,volume-api-v2,/v2/{tenant_id}/types/{volume_type_id},GET,http://rackerlabs.github.io/wadl2swagger/openstack/swagger/volume-api-v2.json
OpenStack,volume-api-v2,/v2/{tenant_id}/types,POST,http://rackerlabs.github.io/wadl2swagger/openstack/swagger/volume-api-v2.json
OpenStack,volume-api-v2,/v2/{tenant_id}/types,GET,http://rackerlabs.github.io/wadl2swagger/openstack/swagger/volume-api-v2.json
OpenStack,volume-api-v2,/v2/{tenant_id}/volumes/detail,GET,http://rackerlabs.github.io/wadl2swagger/openstack/swagger/volume-api-v2.json
OpenStack,volume-api-v2,/,GET,http://rackerlabs.github.io/wadl2swagger/openstack/swagger/volume-api-v2.json
OpenStack,volume-api-v2,/v2/{tenant_id}/extensions,GET,http://rackerlabs.github.io/wadl2swagger/openstack/swagger/volume-api-v2.json
OpenStack,volume-api-v2,/v2/{tenant_id}/snapshots,POST,http://rackerlabs.github.io/wadl2swagger/openstack/swagger/volume-api-v2.json
OpenStack,volume-api-v2,/v2/{tenant_id}/snapshots,GET,http://rackerlabs.github.io/wadl2swagger/openstack/swagger/volume-api-v2.json
OpenStack,volume-api-v2,/v2/{tenant_id}/snapshots/detail,GET,http://rackerlabs.github.io/wadl2swagger/openstack/swagger/volume-api-v2.json
OpenStack,volume-api-v2,/v2/{tenant_id}/volumes,POST,http://rackerlabs.github.io/wadl2swagger/openstack/swagger/volume-api-v2.json
OpenStack,volume-api-v2,/v2/{tenant_id}/volumes,GET,http://rackerlabs.github.io/wadl2swagger/openstack/swagger/volume-api-v2.json
OpenStack,volume-api-v2,/v2/{tenant_id}/snapshots/{snapshot_id}/metadata,PUT,http://rackerlabs.github.io/wadl2swagger/openstack/swagger/volume-api-v2.json
OpenStack,volume-api-v2,/v2/{tenant_id}/snapshots/{snapshot_id}/metadata,GET,http://rackerlabs.github.io/wadl2swagger/openstack/swagger/volume-api-v2.json
OpenStack,volume-api-v2,/v2/{tenant_id}/volumes/{volume_id},PUT,http://rackerlabs.github.io/wadl2swagger/openstack/swagger/volume-api-v2.json
OpenStack,volume-api-v2,/v2/{tenant_id}/volumes/{volume_id},DELETE,http://rackerlabs.github.io/wadl2swagger/openstack/swagger/volume-api-v2.json
OpenStack,volume-api-v2,/v2/{tenant_id}/volumes/{volume_id},GET,http://rackerlabs.github.io/wadl2swagger/openstack/swagger/volume-api-v2.json
